Epoch	Stage	Loss	Sensitivity	Specificity	AUC - promoter active	AUC - nonpromoter active	AUC - promoter inactive	AUC - nonpromoter inactive
1	train	1.22, 1.30, 1.56, 1.57	0.82, 0.07, 0.01, 0.11	0.18, 0.94, 0.99, 0.90	0.51, 0.51, 0.50, 0.50	0.50, 0.50, 0.50, 0.51	0.50, 0.50, 0.50, 0.50	0.50, 0.50, 0.50, 0.50
1	valid	1.39, 1.39, 1.37, 1.39	0.95, 0.00, 0.04, 0.00	0.04, 1.00, 0.96, 1.00	0.50, 0.50, 0.50, 0.50	0.50, 0.50, 0.50, 0.50	0.50, 0.50, 0.50, 0.50	0.50, 0.50, 0.50, 0.50
2	train	1.39, 1.39, 1.38, 1.39	0.99, 0.00, 0.01, 0.00	0.01, 1.00, 0.99, 1.00	0.50, 0.50, 0.50, 0.50	0.50, 0.50, 0.50, 0.50	0.50, 0.50, 0.50, 0.50	0.50, 0.50, 0.50, 0.50
2	valid	1.39, 1.39, 1.39, 1.39	1.00, 0.00, 0.00, 0.00	0.00, 1.00, 1.00, 1.00	0.50, 0.50, 0.50, 0.50	0.50, 0.50, 0.50, 0.50	0.50, 0.50, 0.50, 0.50	0.50, 0.50, 0.50, 0.50
3	train	1.39, 1.39, 1.37, 1.39	0.99, 0.00, 0.04, 0.00	0.03, 1.00, 0.98, 1.00	0.50, 0.50, 0.50, 0.50	0.50, 0.50, 0.50, 0.50	0.51, 0.51, 0.51, 0.50	0.50, 0.50, 0.50, 0.50
3	valid	1.39, 1.39, 1.37, 1.39	0.98, 0.00, 0.05, 0.00	0.04, 1.00, 0.97, 1.00	0.50, 0.50, 0.50, 0.50	0.50, 0.50, 0.50, 0.50	0.51, 0.51, 0.51, 0.50	0.50, 0.50, 0.50, 0.50
4	train	1.39, 1.39, 1.37, 1.39	0.99, 0.00, 0.04, 0.00	0.03, 1.00, 0.98, 1.00	0.50, 0.50, 0.50, 0.50	0.50, 0.50, 0.50, 0.50	0.52, 0.51, 0.51, 0.50	0.50, 0.50, 0.50, 0.50
4	valid	1.39, 1.39, 1.38, 1.39	1.00, 0.00, 0.01, 0.00	0.00, 1.00, 1.00, 1.00	0.50, 0.50, 0.50, 0.50	0.50, 0.50, 0.50, 0.50	0.50, 0.50, 0.50, 0.50	0.50, 0.50, 0.50, 0.50
5	train	1.39, 1.39, 1.39, 1.39	1.00, 0.00, 0.00, 0.00	0.00, 1.00, 1.00, 1.00	0.50, 0.50, 0.50, 0.50	0.50, 0.50, 0.50, 0.50	0.50, 0.50, 0.50, 0.50	0.50, 0.50, 0.50, 0.50
5	valid	1.39, 1.39, 1.39, 1.39	1.00, 0.00, 0.00, 0.00	0.00, 1.00, 1.00, 1.00	0.50, 0.50, 0.50, 0.50	0.50, 0.50, 0.50, 0.50	0.50, 0.50, 0.50, 0.50	0.50, 0.50, 0.50, 0.50
6	train	1.39, 1.39, 1.39, 1.39	1.00, 0.00, 0.00, 0.00	0.00, 1.00, 1.00, 1.00	0.50, 0.50, 0.50, 0.50	0.50, 0.50, 0.50, 0.50	0.50, 0.50, 0.50, 0.50	0.50, 0.50, 0.50, 0.50
6	valid	1.39, 1.39, 1.39, 1.39	1.00, 0.00, 0.00, 0.00	0.00, 1.00, 1.00, 1.00	0.50, 0.50, 0.50, 0.50	0.50, 0.50, 0.50, 0.50	0.50, 0.50, 0.50, 0.50	0.50, 0.50, 0.50, 0.50
7	train	1.39, 1.39, 1.36, 1.40	0.99, 0.00, 0.07, 0.00	0.06, 1.00, 0.96, 1.00	0.50, 0.50, 0.50, 0.50	0.50, 0.50, 0.50, 0.50	0.53, 0.52, 0.52, 0.50	0.50, 0.50, 0.50, 0.50
7	valid	1.39, 1.40, 1.35, 1.40	0.96, 0.00, 0.11, 0.00	0.10, 1.00, 0.93, 1.00	0.50, 0.50, 0.50, 0.50	0.50, 0.50, 0.50, 0.50	0.54, 0.52, 0.52, 0.50	0.50, 0.50, 0.50, 0.50
8	train	1.40, 1.44, 1.22, 1.46	0.90, 0.00, 0.48, 0.00	0.44, 1.00, 0.68, 1.00	0.50, 0.50, 0.50, 0.50	0.50, 0.50, 0.50, 0.50	0.70, 0.57, 0.59, 0.50	0.50, 0.50, 0.50, 0.50
8	valid	1.39, 1.41, 1.30, 1.42	0.96, 0.00, 0.25, 0.00	0.24, 1.00, 0.84, 1.00	0.50, 0.50, 0.50, 0.50	0.50, 0.50, 0.50, 0.50	0.61, 0.53, 0.55, 0.49	0.50, 0.50, 0.50, 0.50
9	train	1.39, 1.42, 1.26, 1.44	0.96, 0.00, 0.37, 0.00	0.32, 1.00, 0.78, 1.00	0.50, 0.50, 0.50, 0.50	0.50, 0.50, 0.50, 0.50	0.66, 0.57, 0.57, 0.49	0.50, 0.50, 0.50, 0.50
9	valid	1.39, 1.40, 1.35, 1.40	0.99, 0.00, 0.11, 0.00	0.10, 1.00, 0.94, 1.00	0.50, 0.50, 0.50, 0.50	0.50, 0.50, 0.50, 0.50	0.55, 0.53, 0.53, 0.50	0.50, 0.50, 0.50, 0.50
10	train	1.39, 1.43, 1.22, 1.46	0.94, 0.00, 0.49, 0.00	0.44, 1.00, 0.70, 1.00	0.50, 0.50, 0.50, 0.50	0.50, 0.50, 0.50, 0.50	0.72, 0.59, 0.60, 0.49	0.50, 0.50, 0.50, 0.50
10	valid	1.40, 1.43, 1.24, 1.45	0.93, 0.00, 0.42, 0.00	0.40, 1.00, 0.74, 1.00	0.50, 0.50, 0.50, 0.50	0.50, 0.50, 0.50, 0.50	0.68, 0.55, 0.58, 0.49	0.50, 0.50, 0.50, 0.50
11	train	1.40, 1.46, 1.15, 1.49	0.91, 0.00, 0.67, 0.00	0.61, 1.00, 0.57, 1.00	0.50, 0.50, 0.50, 0.50	0.50, 0.50, 0.50, 0.50	0.80, 0.60, 0.63, 0.49	0.50, 0.50, 0.50, 0.50
11	valid	1.39, 1.43, 1.25, 1.45	0.95, 0.00, 0.39, 0.00	0.36, 1.00, 0.77, 1.00	0.50, 0.50, 0.50, 0.50	0.50, 0.50, 0.50, 0.50	0.67, 0.56, 0.58, 0.49	0.50, 0.50, 0.50, 0.50
12	train	1.39, 1.41, 1.30, 1.42	0.96, 0.00, 0.24, 0.00	0.21, 1.00, 0.85, 1.00	0.50, 0.50, 0.50, 0.50	0.50, 0.50, 0.50, 0.50	0.60, 0.54, 0.55, 0.50	0.50, 0.50, 0.50, 0.50
12	valid	1.39, 1.39, 1.39, 1.39	1.00, 0.00, 0.00, 0.00	0.00, 1.00, 1.00, 1.00	0.50, 0.50, 0.50, 0.50	0.50, 0.50, 0.50, 0.50	0.50, 0.50, 0.50, 0.50	0.50, 0.50, 0.50, 0.50
13	train	1.39, 1.39, 1.38, 1.39	1.00, 0.00, 0.03, 0.00	0.02, 1.00, 0.99, 1.00	0.50, 0.50, 0.50, 0.50	0.50, 0.50, 0.50, 0.50	0.51, 0.51, 0.51, 0.50	0.50, 0.50, 0.50, 0.50
13	valid	1.39, 1.39, 1.39, 1.39	1.00, 0.00, 0.00, 0.00	0.00, 1.00, 1.00, 1.00	0.50, 0.50, 0.50, 0.50	0.50, 0.50, 0.50, 0.50	0.50, 0.50, 0.50, 0.50	0.50, 0.50, 0.50, 0.50
14	train	1.39, 1.39, 1.39, 1.39	1.00, 0.00, 0.00, 0.00	0.00, 1.00, 1.00, 1.00	0.50, 0.50, 0.50, 0.50	0.50, 0.50, 0.50, 0.50	0.50, 0.50, 0.50, 0.50	0.50, 0.50, 0.50, 0.50
14	valid	1.39, 1.39, 1.39, 1.39	1.00, 0.00, 0.00, 0.00	0.00, 1.00, 1.00, 1.00	0.50, 0.50, 0.50, 0.50	0.50, 0.50, 0.50, 0.50	0.50, 0.50, 0.50, 0.50	0.50, 0.50, 0.50, 0.50
15	train	1.39, 1.39, 1.39, 1.39	1.00, 0.00, 0.00, 0.00	0.00, 1.00, 1.00, 1.00	0.50, 0.50, 0.50, 0.50	0.50, 0.50, 0.50, 0.50	0.50, 0.50, 0.50, 0.50	0.50, 0.50, 0.50, 0.50
15	valid	1.39, 1.39, 1.39, 1.39	1.00, 0.00, 0.00, 0.00	0.00, 1.00, 1.00, 1.00	0.50, 0.50, 0.50, 0.50	0.50, 0.50, 0.50, 0.50	0.50, 0.50, 0.50, 0.50	0.50, 0.50, 0.50, 0.50
16	train	1.39, 1.39, 1.39, 1.39	1.00, 0.00, 0.00, 0.00	0.00, 1.00, 1.00, 1.00	0.50, 0.50, 0.50, 0.50	0.50, 0.50, 0.50, 0.50	0.50, 0.50, 0.50, 0.50	0.50, 0.50, 0.50, 0.50
16	valid	1.39, 1.39, 1.39, 1.39	1.00, 0.00, 0.00, 0.00	0.00, 1.00, 1.00, 1.00	0.50, 0.50, 0.50, 0.50	0.50, 0.50, 0.50, 0.50	0.50, 0.50, 0.50, 0.50	0.50, 0.50, 0.50, 0.50
17	train	1.39, 1.39, 1.39, 1.39	1.00, 0.00, 0.00, 0.00	0.00, 1.00, 1.00, 1.00	0.50, 0.50, 0.50, 0.50	0.50, 0.50, 0.50, 0.50	0.50, 0.50, 0.50, 0.50	0.50, 0.50, 0.50, 0.50
17	valid	1.39, 1.39, 1.39, 1.39	1.00, 0.00, 0.00, 0.00	0.00, 1.00, 1.00, 1.00	0.50, 0.50, 0.50, 0.50	0.50, 0.50, 0.50, 0.50	0.50, 0.50, 0.50, 0.50	0.50, 0.50, 0.50, 0.50
18	train	1.39, 1.39, 1.39, 1.39	1.00, 0.00, 0.00, 0.00	0.00, 1.00, 1.00, 1.00	0.50, 0.50, 0.50, 0.50	0.50, 0.50, 0.50, 0.50	0.50, 0.50, 0.50, 0.50	0.50, 0.50, 0.50, 0.50
18	valid	1.39, 1.39, 1.39, 1.39	1.00, 0.00, 0.00, 0.00	0.00, 1.00, 1.00, 1.00	0.50, 0.50, 0.50, 0.50	0.50, 0.50, 0.50, 0.50	0.50, 0.50, 0.50, 0.50	0.50, 0.50, 0.50, 0.50
19	train	1.39, 1.39, 1.39, 1.39	1.00, 0.00, 0.00, 0.00	0.00, 1.00, 1.00, 1.00	0.50, 0.50, 0.50, 0.50	0.50, 0.50, 0.50, 0.50	0.50, 0.50, 0.50, 0.50	0.50, 0.50, 0.50, 0.50
19	valid	1.39, 1.39, 1.39, 1.39	1.00, 0.00, 0.00, 0.00	0.00, 1.00, 1.00, 1.00	0.50, 0.50, 0.50, 0.50	0.50, 0.50, 0.50, 0.50	0.50, 0.50, 0.50, 0.50	0.50, 0.50, 0.50, 0.50
20	train	1.39, 1.42, 1.27, 1.43	0.95, 0.00, 0.39, 0.00	0.35, 1.00, 0.76, 1.00	0.50, 0.50, 0.50, 0.50	0.50, 0.50, 0.50, 0.50	0.68, 0.57, 0.58, 0.50	0.50, 0.50, 0.50, 0.50
20	valid	1.39, 1.41, 1.29, 1.43	0.97, 0.00, 0.33, 0.00	0.30, 1.00, 0.82, 1.00	0.50, 0.50, 0.50, 0.50	0.50, 0.50, 0.50, 0.50	0.65, 0.56, 0.58, 0.50	0.50, 0.50, 0.50, 0.50
21	train	1.39, 1.43, 1.21, 1.46	0.94, 0.00, 0.59, 0.00	0.50, 1.00, 0.67, 1.00	0.50, 0.50, 0.50, 0.50	0.50, 0.50, 0.50, 0.50	0.77, 0.65, 0.64, 0.51	0.50, 0.50, 0.50, 0.50
21	valid	1.39, 1.41, 1.29, 1.43	0.98, 0.00, 0.34, 0.00	0.29, 1.00, 0.83, 1.00	0.50, 0.50, 0.50, 0.50	0.50, 0.50, 0.50, 0.50	0.66, 0.57, 0.59, 0.51	0.50, 0.50, 0.50, 0.50
22	train	1.40, 1.43, 1.18, 1.47	0.92, 0.00, 0.65, 0.00	0.55, 1.00, 0.64, 1.00	0.50, 0.50, 0.50, 0.50	0.50, 0.50, 0.50, 0.50	0.80, 0.67, 0.66, 0.52	0.50, 0.50, 0.50, 0.50
22	valid	1.39, 1.42, 1.24, 1.45	0.93, 0.00, 0.46, 0.00	0.40, 1.00, 0.74, 1.00	0.50, 0.50, 0.50, 0.50	0.50, 0.50, 0.50, 0.50	0.70, 0.61, 0.61, 0.51	0.50, 0.50, 0.50, 0.50
23	train	1.40, 1.40, 1.18, 1.47	0.50, 0.41, 0.65, 0.00	0.80, 0.74, 0.65, 1.00	0.50, 0.50, 0.50, 0.50	0.59, 0.59, 0.60, 0.59	0.79, 0.70, 0.67, 0.52	0.50, 0.50, 0.50, 0.50
23	valid	1.41, 1.32, 1.27, 1.46	0.24, 0.78, 0.44, 0.00	0.97, 0.41, 0.78, 1.00	0.50, 0.50, 0.50, 0.50	0.73, 0.71, 0.71, 0.69	0.70, 0.64, 0.62, 0.51	0.50, 0.50, 0.50, 0.50
24	train	1.41, 1.26, 1.21, 1.49	0.53, 0.77, 0.61, 0.00	0.95, 0.63, 0.72, 1.00	0.50, 0.50, 0.50, 0.50	0.83, 0.79, 0.78, 0.76	0.79, 0.74, 0.69, 0.53	0.50, 0.50, 0.50, 0.50
24	valid	1.40, 1.27, 1.23, 1.48	0.71, 0.68, 0.58, 0.00	0.86, 0.74, 0.74, 1.00	0.50, 0.50, 0.50, 0.50	0.81, 0.76, 0.73, 0.72	0.77, 0.72, 0.68, 0.53	0.50, 0.50, 0.50, 0.50
25	train	1.41, 1.22, 1.19, 1.50	0.63, 0.76, 0.68, 0.00	0.95, 0.72, 0.70, 1.00	0.50, 0.50, 0.50, 0.50	0.85, 0.81, 0.81, 0.78	0.81, 0.78, 0.71, 0.55	0.50, 0.50, 0.50, 0.50
25	valid	1.41, 1.20, 1.25, 1.50	0.76, 0.74, 0.54, 0.00	0.89, 0.71, 0.77, 1.00	0.50, 0.50, 0.50, 0.50	0.86, 0.78, 0.75, 0.72	0.76, 0.72, 0.68, 0.52	0.50, 0.50, 0.50, 0.50
26	train	1.41, 1.21, 1.18, 1.50	0.73, 0.75, 0.69, 0.00	0.93, 0.76, 0.70, 1.00	0.50, 0.50, 0.50, 0.50	0.86, 0.82, 0.81, 0.79	0.82, 0.78, 0.72, 0.55	0.50, 0.50, 0.50, 0.50
26	valid	1.41, 1.16, 1.30, 1.49	0.68, 0.83, 0.42, 0.00	0.90, 0.60, 0.83, 1.00	0.50, 0.50, 0.50, 0.50	0.86, 0.80, 0.77, 0.77	0.71, 0.67, 0.63, 0.51	0.50, 0.50, 0.50, 0.50
27	train	1.41, 1.19, 1.17, 1.51	0.78, 0.74, 0.73, 0.00	0.94, 0.79, 0.69, 1.00	0.50, 0.50, 0.50, 0.50	0.87, 0.83, 0.82, 0.80	0.85, 0.80, 0.74, 0.56	0.50, 0.50, 0.50, 0.50
27	valid	1.42, 1.23, 1.15, 1.52	0.68, 0.63, 0.77, 0.00	0.94, 0.83, 0.61, 1.00	0.50, 0.50, 0.50, 0.50	0.85, 0.81, 0.79, 0.79	0.86, 0.80, 0.74, 0.53	0.50, 0.50, 0.50, 0.50
28	train	1.41, 1.18, 1.17, 1.50	0.77, 0.77, 0.71, 0.00	0.93, 0.78, 0.71, 1.00	0.50, 0.50, 0.50, 0.50	0.86, 0.84, 0.83, 0.81	0.85, 0.80, 0.74, 0.56	0.50, 0.50, 0.50, 0.50
28	valid	1.40, 1.14, 1.31, 1.49	0.81, 0.84, 0.39, 0.00	0.87, 0.64, 0.86, 1.00	0.50, 0.50, 0.50, 0.50	0.89, 0.82, 0.78, 0.78	0.70, 0.67, 0.63, 0.52	0.50, 0.50, 0.50, 0.50
29	train	1.41, 1.17, 1.19, 1.49	0.77, 0.79, 0.69, 0.00	0.93, 0.76, 0.73, 1.00	0.50, 0.50, 0.50, 0.50	0.87, 0.84, 0.83, 0.81	0.83, 0.79, 0.73, 0.58	0.50, 0.50, 0.50, 0.50
29	valid	1.40, 1.23, 1.19, 1.50	0.85, 0.65, 0.68, 0.00	0.88, 0.84, 0.71, 1.00	0.50, 0.50, 0.50, 0.50	0.84, 0.79, 0.77, 0.76	0.83, 0.77, 0.72, 0.54	0.50, 0.50, 0.50, 0.50
30	train	1.41, 1.17, 1.18, 1.50	0.79, 0.80, 0.71, 0.00	0.93, 0.77, 0.73, 1.00	0.50, 0.50, 0.50, 0.50	0.88, 0.84, 0.84, 0.81	0.84, 0.81, 0.75, 0.59	0.50, 0.50, 0.50, 0.50
30	valid	1.41, 1.18, 1.23, 1.50	0.79, 0.75, 0.59, 0.00	0.91, 0.75, 0.75, 1.00	0.50, 0.50, 0.50, 0.50	0.86, 0.81, 0.78, 0.77	0.79, 0.73, 0.69, 0.53	0.50, 0.50, 0.50, 0.50
31	train	1.41, 1.17, 1.17, 1.49	0.79, 0.78, 0.73, 0.00	0.92, 0.79, 0.72, 1.00	0.50, 0.50, 0.50, 0.50	0.87, 0.85, 0.84, 0.82	0.85, 0.82, 0.76, 0.60	0.50, 0.50, 0.50, 0.50
31	valid	1.40, 1.18, 1.23, 1.49	0.85, 0.74, 0.60, 0.00	0.86, 0.79, 0.77, 1.00	0.50, 0.50, 0.50, 0.50	0.86, 0.81, 0.78, 0.77	0.78, 0.75, 0.70, 0.55	0.50, 0.50, 0.50, 0.50
32	train	1.41, 1.16, 1.18, 1.50	0.80, 0.77, 0.71, 0.00	0.91, 0.79, 0.73, 1.00	0.50, 0.50, 0.50, 0.50	0.88, 0.84, 0.84, 0.82	0.85, 0.80, 0.75, 0.59	0.50, 0.50, 0.50, 0.50
32	valid	1.40, 1.21, 1.19, 1.49	0.84, 0.67, 0.69, 0.00	0.87, 0.84, 0.71, 1.00	0.50, 0.50, 0.50, 0.50	0.84, 0.81, 0.78, 0.78	0.83, 0.77, 0.73, 0.56	0.50, 0.50, 0.50, 0.50
33	train	1.41, 1.16, 1.17, 1.50	0.81, 0.78, 0.73, 0.00	0.92, 0.80, 0.71, 1.00	0.50, 0.50, 0.50, 0.50	0.88, 0.84, 0.84, 0.82	0.86, 0.82, 0.76, 0.60	0.50, 0.50, 0.50, 0.50
33	valid	1.41, 1.12, 1.27, 1.50	0.78, 0.85, 0.51, 0.00	0.91, 0.67, 0.82, 1.00	0.50, 0.50, 0.50, 0.50	0.90, 0.84, 0.81, 0.80	0.77, 0.74, 0.69, 0.55	0.50, 0.50, 0.50, 0.50
34	train	1.41, 1.15, 1.18, 1.49	0.80, 0.80, 0.71, 0.00	0.91, 0.78, 0.74, 1.00	0.50, 0.50, 0.50, 0.50	0.88, 0.85, 0.85, 0.83	0.85, 0.81, 0.76, 0.61	0.50, 0.50, 0.50, 0.50
34	valid	1.40, 1.25, 1.15, 1.50	0.84, 0.56, 0.76, 0.00	0.87, 0.89, 0.65, 1.00	0.50, 0.50, 0.50, 0.50	0.82, 0.78, 0.75, 0.74	0.86, 0.78, 0.75, 0.58	0.50, 0.50, 0.50, 0.50
35	train	1.40, 1.16, 1.17, 1.49	0.82, 0.79, 0.73, 0.00	0.90, 0.81, 0.74, 1.00	0.50, 0.50, 0.50, 0.50	0.88, 0.86, 0.85, 0.83	0.85, 0.82, 0.76, 0.61	0.50, 0.50, 0.50, 0.50
35	valid	1.40, 1.22, 1.21, 1.48	0.86, 0.65, 0.60, 0.00	0.78, 0.86, 0.75, 1.00	0.50, 0.50, 0.50, 0.50	0.81, 0.79, 0.77, 0.79	0.79, 0.73, 0.70, 0.54	0.50, 0.50, 0.50, 0.50
36	train	1.41, 1.16, 1.17, 1.49	0.81, 0.77, 0.73, 0.00	0.90, 0.81, 0.73, 1.00	0.50, 0.50, 0.50, 0.50	0.87, 0.84, 0.84, 0.82	0.86, 0.81, 0.76, 0.61	0.50, 0.50, 0.50, 0.50
36	valid	1.41, 1.12, 1.31, 1.47	0.76, 0.86, 0.43, 0.00	0.86, 0.65, 0.86, 1.00	0.50, 0.50, 0.50, 0.50	0.88, 0.83, 0.81, 0.80	0.70, 0.69, 0.65, 0.56	0.50, 0.50, 0.50, 0.50
37	train	1.40, 1.16, 1.17, 1.49	0.83, 0.79, 0.73, 0.00	0.89, 0.81, 0.75, 1.00	0.50, 0.50, 0.50, 0.50	0.88, 0.85, 0.85, 0.83	0.86, 0.82, 0.77, 0.62	0.50, 0.50, 0.50, 0.50
37	valid	1.40, 1.29, 1.15, 1.48	0.87, 0.48, 0.78, 0.00	0.80, 0.94, 0.66, 1.00	0.50, 0.50, 0.50, 0.50	0.75, 0.74, 0.73, 0.73	0.86, 0.79, 0.75, 0.58	0.50, 0.50, 0.50, 0.50
38	train	1.40, 1.15, 1.16, 1.49	0.83, 0.79, 0.75, 0.00	0.89, 0.82, 0.74, 1.00	0.50, 0.50, 0.50, 0.50	0.88, 0.85, 0.85, 0.83	0.87, 0.83, 0.78, 0.63	0.50, 0.50, 0.50, 0.50
38	valid	1.41, 1.15, 1.22, 1.50	0.79, 0.79, 0.61, 0.00	0.90, 0.76, 0.77, 1.00	0.50, 0.50, 0.50, 0.50	0.87, 0.84, 0.81, 0.81	0.81, 0.77, 0.72, 0.57	0.50, 0.50, 0.50, 0.50
39	train	1.41, 1.15, 1.17, 1.49	0.81, 0.80, 0.74, 0.00	0.90, 0.81, 0.74, 1.00	0.50, 0.50, 0.50, 0.50	0.88, 0.86, 0.85, 0.83	0.86, 0.82, 0.77, 0.63	0.50, 0.50, 0.50, 0.50
39	valid	1.40, 1.25, 1.15, 1.49	0.83, 0.58, 0.78, 0.00	0.87, 0.90, 0.65, 1.00	0.50, 0.50, 0.50, 0.50	0.80, 0.77, 0.76, 0.76	0.86, 0.80, 0.76, 0.59	0.50, 0.50, 0.50, 0.50
40	train	1.35, 1.15, 1.17, 1.49	0.84, 0.79, 0.73, 0.00	0.89, 0.82, 0.75, 1.00	0.61, 0.61, 0.61, 0.60	0.88, 0.85, 0.85, 0.83	0.86, 0.83, 0.77, 0.63	0.50, 0.50, 0.50, 0.50
40	valid	1.16, 1.21, 1.21, 1.48	0.89, 0.68, 0.66, 0.00	0.82, 0.85, 0.76, 1.00	0.93, 0.91, 0.92, 0.94	0.84, 0.80, 0.79, 0.78	0.82, 0.77, 0.74, 0.59	0.50, 0.50, 0.50, 0.50
41	train	1.14, 1.15, 1.17, 1.50	0.86, 0.79, 0.75, 0.00	0.90, 0.82, 0.74, 1.00	0.93, 0.93, 0.93, 0.94	0.88, 0.85, 0.86, 0.83	0.87, 0.84, 0.78, 0.63	0.50, 0.50, 0.50, 0.50
41	valid	1.12, 1.13, 1.29, 1.51	0.87, 0.83, 0.49, 0.00	0.88, 0.69, 0.84, 1.00	0.92, 0.91, 0.92, 0.93	0.90, 0.84, 0.82, 0.80	0.76, 0.74, 0.69, 0.56	0.50, 0.50, 0.50, 0.50
42	train	1.12, 1.15, 1.17, 1.49	0.86, 0.80, 0.76, 0.00	0.90, 0.82, 0.75, 1.00	0.93, 0.93, 0.93, 0.94	0.88, 0.86, 0.86, 0.84	0.87, 0.84, 0.78, 0.63	0.50, 0.50, 0.50, 0.50
42	valid	1.09, 1.15, 1.32, 1.50	0.91, 0.79, 0.44, 0.00	0.81, 0.73, 0.87, 1.00	0.93, 0.92, 0.93, 0.95	0.88, 0.82, 0.79, 0.78	0.73, 0.71, 0.67, 0.56	0.50, 0.50, 0.50, 0.50
43	train	1.12, 1.16, 1.16, 1.50	0.87, 0.78, 0.76, 0.00	0.90, 0.83, 0.74, 1.00	0.93, 0.93, 0.93, 0.94	0.88, 0.85, 0.85, 0.82	0.88, 0.84, 0.79, 0.64	0.50, 0.50, 0.50, 0.50
43	valid	1.11, 1.23, 1.20, 1.48	0.90, 0.66, 0.68, 0.00	0.82, 0.88, 0.74, 1.00	0.93, 0.91, 0.93, 0.94	0.82, 0.79, 0.77, 0.79	0.84, 0.79, 0.74, 0.58	0.50, 0.50, 0.50, 0.50
44	train	1.11, 1.17, 1.15, 1.50	0.86, 0.76, 0.78, 0.00	0.91, 0.84, 0.72, 1.00	0.93, 0.92, 0.93, 0.94	0.87, 0.85, 0.85, 0.82	0.88, 0.84, 0.78, 0.64	0.50, 0.50, 0.50, 0.50
44	valid	1.12, 1.17, 1.21, 1.50	0.86, 0.75, 0.66, 0.00	0.89, 0.80, 0.76, 1.00	0.92, 0.91, 0.92, 0.93	0.87, 0.82, 0.80, 0.78	0.82, 0.79, 0.74, 0.60	0.50, 0.50, 0.50, 0.50
45	train	1.11, 1.15, 1.16, 1.49	0.87, 0.79, 0.77, 0.00	0.89, 0.84, 0.75, 1.00	0.93, 0.93, 0.93, 0.94	0.89, 0.86, 0.86, 0.84	0.88, 0.85, 0.79, 0.65	0.50, 0.50, 0.50, 0.50
45	valid	1.12, 1.13, 1.28, 1.49	0.86, 0.83, 0.51, 0.00	0.88, 0.71, 0.84, 1.00	0.92, 0.91, 0.92, 0.93	0.89, 0.84, 0.81, 0.81	0.76, 0.74, 0.70, 0.58	0.50, 0.50, 0.50, 0.50
46	train	1.11, 1.14, 1.17, 1.48	0.87, 0.81, 0.74, 0.00	0.88, 0.82, 0.77, 1.00	0.93, 0.93, 0.93, 0.94	0.89, 0.87, 0.87, 0.84	0.87, 0.84, 0.79, 0.66	0.50, 0.50, 0.50, 0.50
46	valid	1.11, 1.21, 1.20, 1.48	0.89, 0.69, 0.68, 0.00	0.83, 0.85, 0.76, 1.00	0.92, 0.91, 0.92, 0.93	0.83, 0.80, 0.79, 0.78	0.82, 0.79, 0.75, 0.60	0.50, 0.50, 0.50, 0.50
47	train	1.11, 1.13, 1.17, 1.48	0.87, 0.83, 0.75, 0.00	0.88, 0.82, 0.79, 1.00	0.93, 0.93, 0.93, 0.94	0.89, 0.87, 0.88, 0.85	0.87, 0.85, 0.79, 0.67	0.50, 0.50, 0.50, 0.50
47	valid	1.14, 1.10, 1.35, 1.50	0.79, 0.88, 0.37, 0.00	0.90, 0.58, 0.89, 1.00	0.92, 0.91, 0.91, 0.93	0.88, 0.82, 0.78, 0.77	0.70, 0.68, 0.65, 0.56	0.50, 0.50, 0.50, 0.50
48	train	1.11, 1.15, 1.16, 1.48	0.87, 0.79, 0.77, 0.00	0.87, 0.84, 0.76, 1.00	0.93, 0.93, 0.93, 0.94	0.87, 0.86, 0.86, 0.84	0.88, 0.85, 0.80, 0.67	0.50, 0.50, 0.50, 0.50
48	valid	1.15, 1.26, 1.12, 1.50	0.82, 0.57, 0.84, 0.00	0.90, 0.92, 0.61, 1.00	0.91, 0.90, 0.91, 0.92	0.80, 0.79, 0.78, 0.78	0.89, 0.83, 0.79, 0.61	0.50, 0.50, 0.50, 0.50
49	train	1.11, 1.15, 1.17, 1.48	0.87, 0.79, 0.76, 0.00	0.87, 0.84, 0.77, 1.00	0.93, 0.93, 0.93, 0.94	0.87, 0.86, 0.86, 0.84	0.87, 0.84, 0.79, 0.67	0.50, 0.50, 0.50, 0.50
49	valid	1.10, 1.12, 1.37, 1.49	0.89, 0.85, 0.32, 0.00	0.81, 0.65, 0.92, 1.00	0.93, 0.92, 0.93, 0.94	0.90, 0.84, 0.81, 0.80	0.67, 0.66, 0.63, 0.57	0.50, 0.50, 0.50, 0.50
50	train	1.11, 1.15, 1.16, 1.48	0.88, 0.80, 0.78, 0.00	0.88, 0.84, 0.76, 1.00	0.93, 0.93, 0.93, 0.94	0.88, 0.87, 0.87, 0.84	0.88, 0.85, 0.81, 0.68	0.50, 0.50, 0.50, 0.50
50	valid	1.10, 1.14, 1.26, 1.49	0.88, 0.80, 0.56, 0.00	0.86, 0.75, 0.83, 1.00	0.93, 0.92, 0.93, 0.94	0.89, 0.84, 0.81, 0.81	0.79, 0.77, 0.72, 0.60	0.50, 0.50, 0.50, 0.50
51	train	1.11, 1.15, 1.16, 1.48	0.87, 0.79, 0.77, 0.00	0.87, 0.84, 0.77, 1.00	0.93, 0.93, 0.93, 0.94	0.87, 0.85, 0.85, 0.83	0.88, 0.85, 0.80, 0.68	0.50, 0.50, 0.50, 0.50
51	valid	1.12, 1.08, 1.41, 1.50	0.82, 0.91, 0.26, 0.00	0.89, 0.54, 0.94, 1.00	0.92, 0.91, 0.92, 0.94	0.91, 0.86, 0.82, 0.82	0.64, 0.64, 0.61, 0.55	0.50, 0.50, 0.50, 0.50
52	train	1.11, 1.14, 1.17, 1.48	0.87, 0.81, 0.75, 0.00	0.87, 0.83, 0.79, 1.00	0.93, 0.93, 0.93, 0.94	0.88, 0.86, 0.87, 0.84	0.87, 0.85, 0.80, 0.69	0.50, 0.50, 0.50, 0.50
52	valid	1.10, 1.14, 1.28, 1.49	0.87, 0.80, 0.52, 0.00	0.87, 0.73, 0.83, 1.00	0.93, 0.92, 0.92, 0.94	0.87, 0.83, 0.80, 0.80	0.77, 0.74, 0.70, 0.58	0.50, 0.50, 0.50, 0.50
53	train	1.10, 1.15, 1.16, 1.47	0.88, 0.80, 0.77, 0.00	0.86, 0.84, 0.78, 1.00	0.93, 0.93, 0.93, 0.94	0.88, 0.86, 0.87, 0.84	0.88, 0.86, 0.81, 0.70	0.50, 0.50, 0.50, 0.50
53	valid	1.10, 1.19, 1.24, 1.47	0.89, 0.71, 0.61, 0.00	0.79, 0.83, 0.81, 1.00	0.93, 0.92, 0.93, 0.94	0.85, 0.81, 0.79, 0.78	0.79, 0.76, 0.73, 0.62	0.50, 0.50, 0.50, 0.50
54	train	1.10, 1.14, 1.15, 1.47	0.88, 0.81, 0.79, 0.00	0.85, 0.86, 0.78, 1.00	0.94, 0.93, 0.93, 0.94	0.89, 0.88, 0.88, 0.86	0.89, 0.87, 0.82, 0.71	0.50, 0.50, 0.50, 0.50
54	valid	1.12, 1.22, 1.19, 1.47	0.87, 0.67, 0.72, 0.00	0.82, 0.88, 0.75, 1.00	0.92, 0.91, 0.92, 0.93	0.83, 0.80, 0.79, 0.79	0.84, 0.80, 0.76, 0.63	0.50, 0.50, 0.50, 0.50
55	train	1.10, 1.14, 1.17, 1.47	0.89, 0.82, 0.75, 0.00	0.84, 0.84, 0.81, 1.00	0.94, 0.93, 0.93, 0.95	0.89, 0.87, 0.87, 0.84	0.87, 0.85, 0.81, 0.71	0.50, 0.50, 0.50, 0.50
55	valid	1.09, 1.25, 1.16, 1.49	0.90, 0.57, 0.76, 0.00	0.81, 0.92, 0.71, 1.00	0.93, 0.92, 0.93, 0.94	0.80, 0.79, 0.77, 0.78	0.87, 0.80, 0.77, 0.62	0.50, 0.50, 0.50, 0.50
56	train	1.10, 1.16, 1.15, 1.47	0.88, 0.78, 0.80, 0.00	0.85, 0.87, 0.77, 1.00	0.94, 0.93, 0.93, 0.94	0.87, 0.86, 0.86, 0.84	0.89, 0.87, 0.83, 0.72	0.50, 0.50, 0.50, 0.50
56	valid	1.14, 1.23, 1.16, 1.48	0.83, 0.64, 0.78, 0.00	0.85, 0.90, 0.69, 1.00	0.91, 0.90, 0.91, 0.92	0.81, 0.79, 0.78, 0.79	0.85, 0.81, 0.78, 0.64	0.50, 0.50, 0.50, 0.50
57	train	1.11, 1.14, 1.16, 1.47	0.87, 0.82, 0.77, 0.00	0.85, 0.84, 0.80, 1.00	0.94, 0.93, 0.93, 0.94	0.88, 0.87, 0.87, 0.85	0.88, 0.86, 0.82, 0.73	0.50, 0.50, 0.50, 0.50
57	valid	1.10, 1.31, 1.13, 1.50	0.89, 0.45, 0.83, 0.00	0.85, 0.95, 0.62, 1.00	0.92, 0.91, 0.92, 0.94	0.74, 0.73, 0.73, 0.74	0.90, 0.81, 0.79, 0.62	0.50, 0.50, 0.50, 0.50
58	train	1.10, 1.15, 1.16, 1.46	0.89, 0.80, 0.77, 0.00	0.83, 0.85, 0.81, 1.00	0.94, 0.93, 0.93, 0.95	0.88, 0.86, 0.86, 0.83	0.88, 0.86, 0.82, 0.73	0.50, 0.50, 0.50, 0.50
58	valid	1.09, 1.25, 1.18, 1.48	0.91, 0.58, 0.74, 0.00	0.79, 0.91, 0.73, 1.00	0.93, 0.92, 0.93, 0.94	0.80, 0.78, 0.77, 0.77	0.87, 0.80, 0.78, 0.63	0.50, 0.50, 0.50, 0.50
59	train	1.10, 1.15, 1.16, 1.46	0.88, 0.79, 0.78, 0.00	0.83, 0.85, 0.80, 1.00	0.94, 0.93, 0.93, 0.94	0.87, 0.85, 0.86, 0.83	0.88, 0.86, 0.83, 0.74	0.50, 0.50, 0.50, 0.50
59	valid	1.09, 1.16, 1.26, 1.48	0.90, 0.76, 0.57, 0.00	0.81, 0.80, 0.83, 1.00	0.93, 0.92, 0.93, 0.94	0.87, 0.83, 0.80, 0.80	0.78, 0.76, 0.72, 0.60	0.50, 0.50, 0.50, 0.50
60	train	1.10, 1.15, 1.17, 1.46	0.88, 0.79, 0.76, 0.00	0.83, 0.84, 0.81, 1.00	0.94, 0.93, 0.93, 0.94	0.87, 0.85, 0.85, 0.83	0.88, 0.85, 0.82, 0.74	0.50, 0.50, 0.50, 0.50
60	valid	1.16, 1.07, 1.42, 1.49	0.75, 0.93, 0.22, 0.00	0.88, 0.50, 0.96, 1.00	0.90, 0.90, 0.90, 0.91	0.92, 0.87, 0.83, 0.84	0.62, 0.62, 0.60, 0.56	0.50, 0.50, 0.50, 0.50
61	train	1.11, 1.14, 1.17, 1.46	0.87, 0.80, 0.75, 0.00	0.84, 0.83, 0.81, 1.00	0.94, 0.93, 0.93, 0.94	0.87, 0.85, 0.85, 0.83	0.87, 0.85, 0.82, 0.74	0.50, 0.50, 0.50, 0.50
61	valid	1.13, 1.27, 1.12, 1.49	0.83, 0.52, 0.86, 0.00	0.87, 0.93, 0.62, 1.00	0.92, 0.91, 0.92, 0.93	0.76, 0.76, 0.75, 0.76	0.89, 0.83, 0.80, 0.65	0.50, 0.50, 0.50, 0.50
62	train	1.11, 1.14, 1.15, 1.46	0.88, 0.81, 0.79, 0.00	0.82, 0.86, 0.82, 1.00	0.94, 0.93, 0.93, 0.94	0.88, 0.87, 0.88, 0.85	0.89, 0.87, 0.84, 0.77	0.50, 0.50, 0.50, 0.50
62	valid	1.13, 1.37, 1.11, 1.48	0.81, 0.31, 0.88, 0.00	0.83, 0.97, 0.56, 1.00	0.92, 0.91, 0.92, 0.93	0.67, 0.66, 0.66, 0.66	0.87, 0.79, 0.79, 0.68	0.50, 0.50, 0.50, 0.50
63	train	1.10, 1.16, 1.15, 1.45	0.89, 0.78, 0.79, 0.00	0.81, 0.86, 0.81, 1.00	0.94, 0.93, 0.94, 0.95	0.87, 0.86, 0.86, 0.84	0.89, 0.86, 0.84, 0.76	0.50, 0.50, 0.50, 0.50
63	valid	1.10, 1.16, 1.28, 1.45	0.90, 0.78, 0.50, 0.00	0.73, 0.80, 0.88, 1.00	0.93, 0.92, 0.92, 0.94	0.87, 0.83, 0.81, 0.82	0.75, 0.73, 0.71, 0.63	0.50, 0.50, 0.50, 0.50
64	train	1.11, 1.14, 1.16, 1.45	0.87, 0.81, 0.77, 0.00	0.81, 0.85, 0.83, 1.00	0.94, 0.93, 0.93, 0.94	0.88, 0.86, 0.87, 0.85	0.88, 0.86, 0.83, 0.76	0.50, 0.50, 0.50, 0.50
64	valid	1.15, 1.49, 1.07, 1.50	0.79, 0.07, 0.94, 0.00	0.88, 1.00, 0.42, 1.00	0.91, 0.89, 0.91, 0.92	0.54, 0.54, 0.54, 0.54	0.91, 0.77, 0.80, 0.70	0.50, 0.50, 0.50, 0.50
65	train	1.11, 1.16, 1.16, 1.46	0.87, 0.77, 0.76, 0.00	0.82, 0.83, 0.82, 1.00	0.94, 0.93, 0.93, 0.94	0.86, 0.84, 0.84, 0.82	0.88, 0.85, 0.83, 0.76	0.50, 0.50, 0.50, 0.50
65	valid	1.09, 1.27, 1.18, 1.47	0.90, 0.54, 0.74, 0.00	0.75, 0.93, 0.74, 1.00	0.93, 0.92, 0.93, 0.94	0.77, 0.76, 0.75, 0.76	0.86, 0.79, 0.78, 0.66	0.50, 0.50, 0.50, 0.50
66	train	1.10, 1.14, 1.16, 1.45	0.88, 0.80, 0.77, 0.00	0.80, 0.85, 0.84, 1.00	0.94, 0.93, 0.93, 0.94	0.88, 0.86, 0.86, 0.84	0.88, 0.86, 0.84, 0.78	0.50, 0.50, 0.50, 0.50
66	valid	1.11, 1.14, 1.27, 1.47	0.87, 0.80, 0.55, 0.00	0.82, 0.76, 0.85, 1.00	0.92, 0.92, 0.92, 0.94	0.88, 0.84, 0.82, 0.82	0.78, 0.75, 0.73, 0.64	0.50, 0.50, 0.50, 0.50
67	train	1.11, 1.14, 1.16, 1.45	0.88, 0.80, 0.77, 0.00	0.81, 0.84, 0.83, 1.00	0.94, 0.93, 0.93, 0.95	0.87, 0.86, 0.86, 0.84	0.88, 0.86, 0.84, 0.77	0.50, 0.50, 0.50, 0.50
67	valid	1.10, 1.14, 1.31, 1.46	0.89, 0.80, 0.46, 0.00	0.77, 0.75, 0.89, 1.00	0.93, 0.92, 0.93, 0.94	0.88, 0.83, 0.81, 0.80	0.73, 0.72, 0.69, 0.62	0.50, 0.50, 0.50, 0.50
68	train	1.10, 1.15, 1.16, 1.45	0.88, 0.78, 0.78, 0.00	0.80, 0.85, 0.83, 1.00	0.94, 0.93, 0.93, 0.95	0.87, 0.85, 0.86, 0.84	0.88, 0.86, 0.84, 0.78	0.50, 0.50, 0.50, 0.50
68	valid	1.10, 1.16, 1.25, 1.47	0.89, 0.77, 0.58, 0.00	0.80, 0.79, 0.84, 1.00	0.93, 0.92, 0.93, 0.94	0.87, 0.83, 0.80, 0.81	0.80, 0.77, 0.74, 0.65	0.50, 0.50, 0.50, 0.50
69	train	1.10, 1.14, 1.15, 1.45	0.88, 0.80, 0.78, 0.00	0.80, 0.86, 0.84, 1.00	0.94, 0.94, 0.94, 0.95	0.88, 0.86, 0.87, 0.84	0.89, 0.86, 0.85, 0.79	0.50, 0.50, 0.50, 0.50
69	valid	1.19, 1.35, 1.10, 1.47	0.76, 0.33, 0.89, 0.00	0.81, 0.97, 0.56, 1.00	0.88, 0.87, 0.88, 0.89	0.67, 0.67, 0.67, 0.68	0.88, 0.80, 0.80, 0.70	0.50, 0.50, 0.50, 0.50
70	train	1.10, 1.15, 1.15, 1.45	0.89, 0.79, 0.80, 0.00	0.78, 0.87, 0.84, 1.00	0.94, 0.94, 0.94, 0.95	0.88, 0.86, 0.87, 0.85	0.89, 0.87, 0.85, 0.80	0.50, 0.50, 0.50, 0.50
70	valid	1.09, 1.31, 1.16, 1.46	0.90, 0.45, 0.77, 0.00	0.72, 0.95, 0.72, 1.00	0.93, 0.92, 0.93, 0.94	0.74, 0.73, 0.72, 0.72	0.86, 0.78, 0.78, 0.69	0.50, 0.50, 0.50, 0.50
71	train	1.10, 1.14, 1.14, 1.45	0.88, 0.82, 0.80, 0.00	0.80, 0.87, 0.84, 1.00	0.94, 0.93, 0.94, 0.95	0.89, 0.88, 0.88, 0.86	0.89, 0.88, 0.86, 0.80	0.50, 0.50, 0.50, 0.50
71	valid	1.09, 1.41, 1.11, 1.48	0.90, 0.23, 0.87, 0.00	0.77, 0.99, 0.60, 1.00	0.93, 0.91, 0.93, 0.94	0.62, 0.62, 0.62, 0.62	0.91, 0.79, 0.80, 0.69	0.50, 0.50, 0.50, 0.50
72	train	1.10, 1.12, 1.15, 1.44	0.90, 0.84, 0.80, 0.00	0.78, 0.87, 0.86, 1.00	0.94, 0.94, 0.94, 0.95	0.90, 0.89, 0.89, 0.88	0.89, 0.88, 0.86, 0.80	0.50, 0.50, 0.50, 0.50
72	valid	1.11, 1.36, 1.13, 1.47	0.88, 0.33, 0.85, 0.00	0.76, 0.97, 0.64, 1.00	0.92, 0.91, 0.92, 0.93	0.67, 0.67, 0.66, 0.67	0.89, 0.80, 0.80, 0.69	0.50, 0.50, 0.50, 0.50
73	train	1.10, 1.15, 1.15, 1.45	0.88, 0.79, 0.79, 0.00	0.79, 0.86, 0.83, 1.00	0.94, 0.94, 0.93, 0.95	0.87, 0.86, 0.86, 0.84	0.89, 0.86, 0.85, 0.79	0.50, 0.50, 0.50, 0.50
73	valid	1.08, 1.19, 1.26, 1.46	0.92, 0.71, 0.58, 0.00	0.73, 0.84, 0.85, 1.00	0.94, 0.92, 0.93, 0.95	0.85, 0.81, 0.78, 0.79	0.79, 0.76, 0.74, 0.65	0.50, 0.50, 0.50, 0.50
74	train	1.10, 1.14, 1.15, 1.44	0.89, 0.79, 0.79, 0.00	0.78, 0.86, 0.84, 1.00	0.94, 0.94, 0.94, 0.95	0.88, 0.86, 0.87, 0.85	0.89, 0.87, 0.85, 0.80	0.50, 0.50, 0.50, 0.50
74	valid	1.12, 1.14, 1.27, 1.47	0.84, 0.81, 0.54, 0.00	0.81, 0.75, 0.86, 1.00	0.92, 0.91, 0.92, 0.93	0.87, 0.84, 0.81, 0.83	0.77, 0.75, 0.73, 0.64	0.50, 0.50, 0.50, 0.50
75	train	1.11, 1.14, 1.15, 1.44	0.87, 0.81, 0.79, 0.00	0.79, 0.85, 0.85, 1.00	0.94, 0.93, 0.93, 0.95	0.87, 0.86, 0.87, 0.85	0.89, 0.87, 0.85, 0.80	0.50, 0.50, 0.50, 0.50
75	valid	1.13, 1.07, 1.52, 1.52	0.79, 0.93, 0.02, 0.00	0.89, 0.40, 1.00, 1.00	0.92, 0.92, 0.92, 0.93	0.92, 0.85, 0.79, 0.81	0.52, 0.52, 0.51, 0.51	0.50, 0.50, 0.50, 0.50
76	train	1.09, 1.14, 1.14, 1.44	0.90, 0.79, 0.82, 0.00	0.77, 0.89, 0.85, 1.00	0.94, 0.94, 0.94, 0.95	0.88, 0.87, 0.88, 0.86	0.90, 0.88, 0.87, 0.82	0.50, 0.50, 0.50, 0.50
76	valid	1.08, 1.22, 1.23, 1.45	0.91, 0.63, 0.63, 0.00	0.68, 0.90, 0.83, 1.00	0.94, 0.93, 0.93, 0.95	0.81, 0.79, 0.77, 0.79	0.81, 0.76, 0.75, 0.67	0.50, 0.50, 0.50, 0.50
77	train	1.10, 1.13, 1.15, 1.44	0.89, 0.82, 0.79, 0.00	0.78, 0.85, 0.86, 1.00	0.94, 0.94, 0.94, 0.95	0.89, 0.87, 0.87, 0.85	0.89, 0.87, 0.86, 0.81	0.50, 0.50, 0.50, 0.50
77	valid	1.09, 1.33, 1.18, 1.45	0.92, 0.38, 0.74, 0.00	0.64, 0.97, 0.75, 1.00	0.93, 0.92, 0.93, 0.95	0.70, 0.69, 0.69, 0.69	0.85, 0.78, 0.78, 0.69	0.50, 0.50, 0.50, 0.50
78	train	1.10, 1.15, 1.15, 1.45	0.88, 0.77, 0.79, 0.00	0.78, 0.87, 0.84, 1.00	0.94, 0.94, 0.94, 0.95	0.86, 0.85, 0.85, 0.83	0.89, 0.87, 0.85, 0.80	0.50, 0.50, 0.50, 0.50
78	valid	1.10, 1.11, 1.35, 1.46	0.88, 0.85, 0.36, 0.00	0.77, 0.69, 0.93, 1.00	0.93, 0.92, 0.93, 0.94	0.90, 0.85, 0.82, 0.83	0.69, 0.68, 0.66, 0.61	0.50, 0.50, 0.50, 0.50
79	train	1.10, 1.15, 1.16, 1.44	0.88, 0.79, 0.78, 0.00	0.77, 0.86, 0.86, 1.00	0.94, 0.94, 0.94, 0.95	0.87, 0.86, 0.86, 0.84	0.89, 0.87, 0.85, 0.81	0.50, 0.50, 0.50, 0.50
79	valid	1.11, 1.40, 1.12, 1.46	0.88, 0.24, 0.86, 0.00	0.75, 0.98, 0.62, 1.00	0.92, 0.91, 0.92, 0.94	0.63, 0.63, 0.63, 0.63	0.90, 0.77, 0.80, 0.72	0.50, 0.50, 0.50, 0.50
80	train	1.10, 1.14, 1.14, 1.44	0.89, 0.81, 0.81, 0.00	0.77, 0.87, 0.87, 1.00	0.94, 0.94, 0.94, 0.95	0.88, 0.87, 0.87, 0.85	0.90, 0.88, 0.87, 0.83	0.50, 0.50, 0.50, 0.50
80	valid	1.09, 1.20, 1.24, 1.45	0.91, 0.67, 0.59, 0.00	0.71, 0.85, 0.85, 1.00	0.93, 0.92, 0.93, 0.95	0.83, 0.80, 0.78, 0.78	0.79, 0.76, 0.74, 0.67	0.50, 0.50, 0.50, 0.50
81	train	1.10, 1.14, 1.14, 1.44	0.89, 0.81, 0.81, 0.00	0.77, 0.87, 0.87, 1.00	0.94, 0.94, 0.94, 0.95	0.88, 0.87, 0.87, 0.85	0.90, 0.89, 0.87, 0.83	0.50, 0.50, 0.50, 0.50
81	valid	1.16, 1.08, 1.39, 1.48	0.71, 0.91, 0.30, 0.00	0.84, 0.55, 0.94, 1.00	0.91, 0.91, 0.91, 0.92	0.86, 0.83, 0.79, 0.83	0.66, 0.65, 0.63, 0.59	0.50, 0.50, 0.50, 0.50
82	train	1.10, 1.14, 1.15, 1.44	0.89, 0.81, 0.80, 0.00	0.78, 0.86, 0.86, 1.00	0.94, 0.94, 0.94, 0.95	0.88, 0.86, 0.87, 0.85	0.90, 0.87, 0.86, 0.82	0.50, 0.50, 0.50, 0.50
82	valid	1.11, 1.12, 1.32, 1.45	0.86, 0.84, 0.41, 0.00	0.76, 0.71, 0.92, 1.00	0.92, 0.92, 0.92, 0.94	0.89, 0.85, 0.82, 0.84	0.71, 0.70, 0.68, 0.63	0.50, 0.50, 0.50, 0.50
83	train	1.10, 1.13, 1.14, 1.44	0.90, 0.82, 0.80, 0.00	0.77, 0.87, 0.87, 1.00	0.95, 0.94, 0.94, 0.95	0.89, 0.88, 0.88, 0.86	0.90, 0.88, 0.87, 0.82	0.50, 0.50, 0.50, 0.50
83	valid	1.14, 1.37, 1.09, 1.48	0.80, 0.30, 0.91, 0.00	0.82, 0.98, 0.56, 1.00	0.91, 0.90, 0.91, 0.92	0.66, 0.67, 0.66, 0.67	0.90, 0.80, 0.82, 0.72	0.50, 0.50, 0.50, 0.50
84	train	1.10, 1.13, 1.14, 1.44	0.89, 0.82, 0.81, 0.00	0.76, 0.87, 0.87, 1.00	0.94, 0.94, 0.94, 0.95	0.89, 0.88, 0.88, 0.86	0.90, 0.89, 0.87, 0.83	0.50, 0.50, 0.50, 0.50
84	valid	1.11, 1.37, 1.13, 1.46	0.88, 0.32, 0.84, 0.00	0.73, 0.98, 0.66, 1.00	0.92, 0.91, 0.92, 0.94	0.67, 0.67, 0.67, 0.67	0.89, 0.78, 0.80, 0.72	0.50, 0.50, 0.50, 0.50
85	train	1.09, 1.14, 1.14, 1.44	0.90, 0.81, 0.80, 0.00	0.75, 0.88, 0.87, 1.00	0.95, 0.94, 0.94, 0.95	0.88, 0.87, 0.87, 0.86	0.90, 0.88, 0.87, 0.83	0.50, 0.50, 0.50, 0.50
85	valid	1.10, 1.12, 1.32, 1.46	0.88, 0.83, 0.42, 0.00	0.76, 0.73, 0.91, 1.00	0.93, 0.92, 0.92, 0.94	0.90, 0.85, 0.82, 0.83	0.71, 0.71, 0.69, 0.63	0.50, 0.50, 0.50, 0.50
86	train	1.10, 1.13, 1.13, 1.44	0.88, 0.83, 0.82, 0.00	0.76, 0.88, 0.87, 1.00	0.94, 0.94, 0.94, 0.95	0.89, 0.88, 0.89, 0.87	0.90, 0.89, 0.88, 0.84	0.50, 0.50, 0.50, 0.50
86	valid	1.09, 1.18, 1.27, 1.44	0.91, 0.72, 0.54, 0.00	0.69, 0.85, 0.87, 1.00	0.93, 0.92, 0.93, 0.94	0.84, 0.82, 0.80, 0.80	0.76, 0.74, 0.72, 0.66	0.50, 0.50, 0.50, 0.50
87	train	1.09, 1.15, 1.14, 1.44	0.90, 0.79, 0.82, 0.00	0.75, 0.88, 0.87, 1.00	0.95, 0.94, 0.94, 0.95	0.87, 0.86, 0.87, 0.85	0.90, 0.88, 0.87, 0.84	0.50, 0.50, 0.50, 0.50
87	valid	1.10, 1.16, 1.26, 1.45	0.88, 0.77, 0.55, 0.00	0.73, 0.82, 0.87, 1.00	0.93, 0.92, 0.92, 0.94	0.86, 0.84, 0.81, 0.83	0.77, 0.75, 0.73, 0.66	0.50, 0.50, 0.50, 0.50
88	train	1.10, 1.12, 1.14, 1.43	0.90, 0.85, 0.82, 0.00	0.76, 0.88, 0.89, 1.00	0.94, 0.94, 0.94, 0.95	0.90, 0.89, 0.90, 0.88	0.91, 0.90, 0.88, 0.84	0.50, 0.50, 0.50, 0.50
88	valid	1.12, 1.34, 1.13, 1.46	0.86, 0.37, 0.83, 0.00	0.73, 0.97, 0.67, 1.00	0.92, 0.91, 0.92, 0.93	0.69, 0.69, 0.69, 0.70	0.88, 0.78, 0.80, 0.72	0.50, 0.50, 0.50, 0.50
89	train	1.09, 1.13, 1.14, 1.43	0.90, 0.82, 0.82, 0.00	0.75, 0.88, 0.88, 1.00	0.95, 0.95, 0.95, 0.96	0.89, 0.88, 0.88, 0.87	0.91, 0.89, 0.88, 0.84	0.50, 0.50, 0.50, 0.50
89	valid	1.09, 1.27, 1.19, 1.45	0.91, 0.55, 0.69, 0.00	0.69, 0.93, 0.78, 1.00	0.93, 0.92, 0.93, 0.95	0.77, 0.76, 0.75, 0.76	0.83, 0.77, 0.77, 0.69	0.50, 0.50, 0.50, 0.50
90	train	1.10, 1.13, 1.14, 1.44	0.89, 0.82, 0.80, 0.00	0.76, 0.87, 0.88, 1.00	0.95, 0.94, 0.94, 0.95	0.88, 0.87, 0.87, 0.86	0.90, 0.88, 0.87, 0.83	0.50, 0.50, 0.50, 0.50
90	valid	1.08, 1.24, 1.24, 1.45	0.92, 0.60, 0.61, 0.00	0.64, 0.91, 0.83, 1.00	0.94, 0.93, 0.93, 0.95	0.79, 0.78, 0.76, 0.78	0.81, 0.77, 0.75, 0.67	0.50, 0.50, 0.50, 0.50
91	train	1.09, 1.13, 1.13, 1.43	0.90, 0.83, 0.82, 0.00	0.76, 0.88, 0.88, 1.00	0.95, 0.94, 0.94, 0.95	0.89, 0.88, 0.88, 0.87	0.91, 0.89, 0.88, 0.84	0.50, 0.50, 0.50, 0.50
91	valid	1.09, 1.42, 1.13, 1.46	0.91, 0.17, 0.83, 0.00	0.68, 0.99, 0.66, 1.00	0.93, 0.91, 0.93, 0.94	0.59, 0.59, 0.59, 0.60	0.89, 0.77, 0.80, 0.72	0.50, 0.50, 0.50, 0.50
92	train	1.10, 1.13, 1.14, 1.44	0.89, 0.82, 0.81, 0.00	0.76, 0.87, 0.88, 1.00	0.95, 0.94, 0.94, 0.95	0.89, 0.88, 0.88, 0.86	0.90, 0.89, 0.88, 0.84	0.50, 0.50, 0.50, 0.50
92	valid	1.11, 1.31, 1.14, 1.46	0.88, 0.42, 0.82, 0.00	0.73, 0.96, 0.70, 1.00	0.92, 0.91, 0.92, 0.94	0.72, 0.72, 0.71, 0.72	0.88, 0.80, 0.81, 0.73	0.50, 0.50, 0.50, 0.50
93	train	1.10, 1.16, 1.14, 1.43	0.90, 0.77, 0.80, 0.00	0.75, 0.87, 0.87, 1.00	0.95, 0.94, 0.94, 0.95	0.86, 0.85, 0.85, 0.84	0.90, 0.87, 0.87, 0.84	0.50, 0.50, 0.50, 0.50
93	valid	1.09, 1.21, 1.21, 1.46	0.90, 0.67, 0.66, 0.00	0.73, 0.88, 0.82, 1.00	0.93, 0.92, 0.93, 0.94	0.83, 0.81, 0.79, 0.80	0.82, 0.78, 0.77, 0.69	0.50, 0.50, 0.50, 0.50
94	train	1.10, 1.12, 1.14, 1.43	0.90, 0.84, 0.81, 0.00	0.75, 0.88, 0.89, 1.00	0.94, 0.94, 0.94, 0.95	0.90, 0.89, 0.89, 0.88	0.90, 0.89, 0.88, 0.84	0.50, 0.50, 0.50, 0.50
94	valid	1.11, 1.12, 1.33, 1.46	0.87, 0.85, 0.40, 0.00	0.77, 0.70, 0.92, 1.00	0.92, 0.91, 0.92, 0.93	0.90, 0.85, 0.81, 0.82	0.70, 0.70, 0.68, 0.63	0.50, 0.50, 0.50, 0.50
95	train	1.09, 1.13, 1.13, 1.43	0.91, 0.83, 0.82, 0.00	0.75, 0.89, 0.88, 1.00	0.95, 0.95, 0.94, 0.95	0.90, 0.89, 0.89, 0.88	0.91, 0.90, 0.89, 0.85	0.50, 0.50, 0.50, 0.50
95	valid	1.10, 1.26, 1.20, 1.44	0.90, 0.56, 0.69, 0.00	0.67, 0.93, 0.80, 1.00	0.93, 0.92, 0.93, 0.94	0.78, 0.76, 0.75, 0.76	0.83, 0.78, 0.77, 0.70	0.50, 0.50, 0.50, 0.50
96	train	1.10, 1.13, 1.15, 1.43	0.90, 0.82, 0.80, 0.00	0.75, 0.87, 0.88, 1.00	0.95, 0.94, 0.94, 0.95	0.89, 0.87, 0.87, 0.86	0.90, 0.88, 0.87, 0.84	0.50, 0.50, 0.50, 0.50
96	valid	1.09, 1.15, 1.33, 1.45	0.91, 0.78, 0.40, 0.00	0.68, 0.79, 0.92, 1.00	0.93, 0.93, 0.93, 0.94	0.88, 0.84, 0.81, 0.83	0.71, 0.69, 0.68, 0.63	0.50, 0.50, 0.50, 0.50
97	train	1.10, 1.12, 1.14, 1.43	0.89, 0.85, 0.81, 0.00	0.75, 0.87, 0.89, 1.00	0.94, 0.94, 0.94, 0.95	0.90, 0.89, 0.89, 0.88	0.90, 0.89, 0.88, 0.84	0.50, 0.50, 0.50, 0.50
97	valid	1.08, 1.31, 1.22, 1.44	0.93, 0.43, 0.66, 0.00	0.58, 0.96, 0.81, 1.00	0.94, 0.92, 0.93, 0.95	0.71, 0.71, 0.70, 0.71	0.82, 0.75, 0.76, 0.69	0.50, 0.50, 0.50, 0.50
98	train	1.10, 1.14, 1.12, 1.43	0.90, 0.81, 0.84, 0.00	0.75, 0.90, 0.88, 1.00	0.95, 0.94, 0.94, 0.95	0.89, 0.88, 0.89, 0.87	0.92, 0.90, 0.89, 0.85	0.50, 0.50, 0.50, 0.50
98	valid	1.13, 1.18, 1.21, 1.45	0.84, 0.72, 0.67, 0.00	0.76, 0.85, 0.81, 1.00	0.91, 0.90, 0.91, 0.92	0.83, 0.82, 0.80, 0.82	0.82, 0.78, 0.77, 0.68	0.50, 0.50, 0.50, 0.50
99	train	1.09, 1.12, 1.12, 1.43	0.91, 0.85, 0.84, 0.00	0.74, 0.90, 0.89, 1.00	0.95, 0.95, 0.95, 0.96	0.91, 0.90, 0.91, 0.90	0.92, 0.91, 0.90, 0.86	0.50, 0.50, 0.50, 0.50
99	valid	1.10, 1.27, 1.17, 1.45	0.89, 0.54, 0.75, 0.00	0.71, 0.94, 0.75, 1.00	0.93, 0.92, 0.93, 0.94	0.77, 0.76, 0.75, 0.76	0.85, 0.79, 0.79, 0.71	0.50, 0.50, 0.50, 0.50
100	train	1.09, 1.12, 1.14, 1.43	0.91, 0.84, 0.81, 0.00	0.75, 0.88, 0.89, 1.00	0.95, 0.95, 0.95, 0.96	0.90, 0.89, 0.89, 0.88	0.90, 0.89, 0.88, 0.84	0.50, 0.50, 0.50, 0.50
100	valid	1.13, 1.38, 1.12, 1.45	0.83, 0.26, 0.85, 0.00	0.72, 0.98, 0.63, 1.00	0.91, 0.90, 0.91, 0.93	0.64, 0.64, 0.64, 0.65	0.87, 0.78, 0.80, 0.73	0.50, 0.50, 0.50, 0.50
101	train	1.10, 1.13, 1.14, 1.43	0.89, 0.82, 0.80, 0.00	0.74, 0.87, 0.89, 1.00	0.95, 0.94, 0.94, 0.95	0.88, 0.87, 0.87, 0.86	0.90, 0.88, 0.88, 0.84	0.50, 0.50, 0.50, 0.50
101	valid	1.10, 1.22, 1.23, 1.44	0.89, 0.64, 0.61, 0.00	0.66, 0.89, 0.84, 1.00	0.92, 0.91, 0.92, 0.94	0.80, 0.79, 0.77, 0.79	0.79, 0.76, 0.74, 0.67	0.50, 0.50, 0.50, 0.50
102	train	1.09, 1.12, 1.12, 1.43	0.91, 0.84, 0.84, 0.00	0.74, 0.90, 0.89, 1.00	0.95, 0.95, 0.95, 0.96	0.90, 0.89, 0.90, 0.89	0.91, 0.90, 0.89, 0.86	0.50, 0.50, 0.50, 0.50
102	valid	1.07, 1.25, 1.26, 1.44	0.93, 0.59, 0.56, 0.00	0.60, 0.91, 0.86, 1.00	0.94, 0.93, 0.93, 0.95	0.80, 0.78, 0.76, 0.77	0.78, 0.74, 0.73, 0.66	0.50, 0.50, 0.50, 0.50
103	train	1.09, 1.12, 1.13, 1.43	0.91, 0.84, 0.82, 0.00	0.74, 0.89, 0.89, 1.00	0.95, 0.95, 0.95, 0.96	0.91, 0.90, 0.90, 0.89	0.91, 0.90, 0.88, 0.85	0.50, 0.50, 0.50, 0.50
103	valid	1.09, 1.12, 1.37, 1.46	0.89, 0.84, 0.32, 0.00	0.73, 0.70, 0.95, 1.00	0.93, 0.92, 0.92, 0.94	0.90, 0.85, 0.80, 0.82	0.67, 0.67, 0.65, 0.61	0.50, 0.50, 0.50, 0.50
104	train	1.09, 1.13, 1.13, 1.43	0.91, 0.83, 0.82, 0.00	0.74, 0.89, 0.89, 1.00	0.95, 0.95, 0.95, 0.96	0.89, 0.88, 0.88, 0.87	0.91, 0.90, 0.89, 0.85	0.50, 0.50, 0.50, 0.50
104	valid	1.21, 1.06, 1.47, 1.49	0.62, 0.96, 0.11, 0.00	0.87, 0.39, 0.99, 1.00	0.87, 0.87, 0.87, 0.88	0.90, 0.86, 0.82, 0.85	0.56, 0.56, 0.55, 0.54	0.50, 0.50, 0.50, 0.50
105	train	1.09, 1.11, 1.13, 1.42	0.92, 0.87, 0.83, 0.00	0.73, 0.89, 0.92, 1.00	0.95, 0.95, 0.95, 0.96	0.92, 0.91, 0.91, 0.90	0.92, 0.91, 0.90, 0.87	0.50, 0.50, 0.50, 0.50
105	valid	1.09, 1.14, 1.35, 1.45	0.90, 0.81, 0.34, 0.00	0.67, 0.76, 0.94, 1.00	0.93, 0.92, 0.92, 0.94	0.88, 0.84, 0.81, 0.83	0.68, 0.66, 0.65, 0.61	0.50, 0.50, 0.50, 0.50
106	train	1.09, 1.12, 1.13, 1.43	0.91, 0.84, 0.82, 0.00	0.74, 0.88, 0.90, 1.00	0.95, 0.95, 0.95, 0.96	0.90, 0.89, 0.89, 0.88	0.91, 0.90, 0.89, 0.86	0.50, 0.50, 0.50, 0.50
106	valid	1.20, 1.52, 1.06, 1.49	0.66, 0.00, 0.96, 0.00	0.88, 1.00, 0.36, 1.00	0.86, 0.85, 0.86, 0.87	0.50, 0.50, 0.50, 0.50	0.90, 0.73, 0.80, 0.75	0.50, 0.50, 0.50, 0.50
107	train	1.09, 1.13, 1.13, 1.43	0.91, 0.83, 0.84, 0.00	0.75, 0.90, 0.88, 1.00	0.95, 0.95, 0.95, 0.96	0.90, 0.89, 0.89, 0.88	0.92, 0.90, 0.89, 0.86	0.50, 0.50, 0.50, 0.50
107	valid	1.12, 1.12, 1.33, 1.45	0.84, 0.85, 0.39, 0.00	0.75, 0.71, 0.92, 1.00	0.91, 0.91, 0.91, 0.92	0.89, 0.85, 0.82, 0.84	0.70, 0.69, 0.67, 0.62	0.50, 0.50, 0.50, 0.50
108	train	1.09, 1.12, 1.12, 1.42	0.92, 0.85, 0.84, 0.00	0.73, 0.91, 0.91, 1.00	0.95, 0.95, 0.95, 0.96	0.91, 0.90, 0.90, 0.89	0.92, 0.91, 0.90, 0.87	0.50, 0.50, 0.50, 0.50
108	valid	1.10, 1.19, 1.22, 1.46	0.89, 0.70, 0.64, 0.00	0.74, 0.87, 0.82, 1.00	0.93, 0.92, 0.93, 0.94	0.84, 0.81, 0.79, 0.81	0.81, 0.78, 0.76, 0.67	0.50, 0.50, 0.50, 0.50
109	train	1.09, 1.12, 1.14, 1.43	0.91, 0.84, 0.81, 0.00	0.75, 0.88, 0.90, 1.00	0.95, 0.95, 0.95, 0.96	0.90, 0.89, 0.89, 0.88	0.91, 0.89, 0.88, 0.85	0.50, 0.50, 0.50, 0.50
109	valid	1.10, 1.18, 1.29, 1.44	0.90, 0.72, 0.47, 0.00	0.65, 0.83, 0.90, 1.00	0.92, 0.91, 0.92, 0.94	0.84, 0.81, 0.78, 0.80	0.73, 0.71, 0.70, 0.65	0.50, 0.50, 0.50, 0.50
110	train	1.10, 1.13, 1.13, 1.43	0.90, 0.82, 0.83, 0.00	0.74, 0.89, 0.89, 1.00	0.95, 0.95, 0.95, 0.96	0.89, 0.88, 0.89, 0.87	0.91, 0.90, 0.89, 0.86	0.50, 0.50, 0.50, 0.50
110	valid	1.06, 1.43, 1.27, 1.46	0.97, 0.16, 0.52, 0.00	0.41, 0.99, 0.83, 1.00	0.94, 0.92, 0.94, 0.96	0.60, 0.60, 0.60, 0.60	0.78, 0.70, 0.72, 0.65	0.50, 0.50, 0.50, 0.50
111	train	1.09, 1.13, 1.13, 1.43	0.92, 0.82, 0.82, 0.00	0.73, 0.90, 0.90, 1.00	0.95, 0.95, 0.95, 0.96	0.89, 0.89, 0.89, 0.88	0.91, 0.89, 0.89, 0.86	0.50, 0.50, 0.50, 0.50
111	valid	1.39, 1.19, 1.22, 1.45	0.30, 0.70, 0.66, 0.00	0.79, 0.63, 0.78, 1.00	0.70, 0.70, 0.70, 0.70	0.52, 0.68, 0.76, 0.80	0.81, 0.76, 0.75, 0.67	0.50, 0.50, 0.50, 0.50
112	train	1.10, 1.12, 1.13, 1.43	0.90, 0.84, 0.82, 0.00	0.74, 0.88, 0.90, 1.00	0.95, 0.95, 0.95, 0.96	0.90, 0.89, 0.89, 0.88	0.91, 0.90, 0.89, 0.86	0.50, 0.50, 0.50, 0.50
112	valid	1.17, 1.09, 1.34, 1.46	0.76, 0.90, 0.37, 0.00	0.77, 0.65, 0.94, 1.00	0.90, 0.89, 0.89, 0.90	0.89, 0.86, 0.83, 0.86	0.68, 0.68, 0.66, 0.62	0.50, 0.50, 0.50, 0.50
113	train	1.08, 1.11, 1.11, 1.42	0.93, 0.86, 0.87, 0.00	0.72, 0.92, 0.91, 1.00	0.95, 0.95, 0.95, 0.96	0.92, 0.91, 0.92, 0.91	0.93, 0.93, 0.92, 0.89	0.50, 0.50, 0.50, 0.50
113	valid	1.09, 1.25, 1.19, 1.46	0.90, 0.57, 0.72, 0.00	0.72, 0.92, 0.78, 1.00	0.93, 0.92, 0.93, 0.94	0.79, 0.77, 0.76, 0.77	0.85, 0.79, 0.78, 0.69	0.50, 0.50, 0.50, 0.50
114	train	1.10, 1.12, 1.14, 1.42	0.89, 0.85, 0.82, 0.00	0.73, 0.88, 0.91, 1.00	0.95, 0.95, 0.95, 0.96	0.90, 0.90, 0.90, 0.89	0.91, 0.90, 0.89, 0.86	0.50, 0.50, 0.50, 0.50
114	valid	1.08, 1.33, 1.20, 1.44	0.93, 0.38, 0.68, 0.00	0.59, 0.97, 0.79, 1.00	0.94, 0.92, 0.93, 0.95	0.70, 0.69, 0.69, 0.69	0.83, 0.76, 0.77, 0.70	0.50, 0.50, 0.50, 0.50
115	train	1.09, 1.12, 1.14, 1.43	0.90, 0.84, 0.81, 0.00	0.73, 0.88, 0.91, 1.00	0.95, 0.95, 0.95, 0.96	0.90, 0.89, 0.89, 0.88	0.90, 0.89, 0.88, 0.86	0.50, 0.50, 0.50, 0.50
115	valid	1.09, 1.21, 1.24, 1.45	0.90, 0.67, 0.60, 0.00	0.68, 0.89, 0.84, 1.00	0.93, 0.92, 0.93, 0.94	0.82, 0.80, 0.79, 0.80	0.80, 0.76, 0.74, 0.67	0.50, 0.50, 0.50, 0.50
116	train	1.09, 1.11, 1.12, 1.42	0.92, 0.87, 0.86, 0.00	0.72, 0.91, 0.91, 1.00	0.95, 0.95, 0.95, 0.96	0.92, 0.91, 0.91, 0.90	0.93, 0.92, 0.91, 0.88	0.50, 0.50, 0.50, 0.50
116	valid	1.09, 1.35, 1.18, 1.44	0.91, 0.34, 0.73, 0.00	0.62, 0.97, 0.75, 1.00	0.93, 0.92, 0.93, 0.94	0.67, 0.67, 0.66, 0.67	0.84, 0.75, 0.77, 0.71	0.50, 0.50, 0.50, 0.50
117	train	1.09, 1.11, 1.12, 1.42	0.92, 0.86, 0.85, 0.00	0.73, 0.91, 0.91, 1.00	0.95, 0.95, 0.95, 0.96	0.91, 0.91, 0.91, 0.90	0.92, 0.91, 0.91, 0.88	0.50, 0.50, 0.50, 0.50
117	valid	1.09, 1.31, 1.20, 1.44	0.92, 0.44, 0.68, 0.00	0.61, 0.96, 0.79, 1.00	0.93, 0.92, 0.93, 0.95	0.72, 0.71, 0.71, 0.71	0.82, 0.76, 0.76, 0.69	0.50, 0.50, 0.50, 0.50
118	train	1.09, 1.12, 1.12, 1.42	0.91, 0.84, 0.85, 0.00	0.74, 0.89, 0.90, 1.00	0.95, 0.95, 0.95, 0.96	0.90, 0.89, 0.90, 0.89	0.92, 0.91, 0.90, 0.88	0.50, 0.50, 0.50, 0.50
118	valid	1.14, 1.14, 1.29, 1.44	0.81, 0.81, 0.47, 0.00	0.71, 0.77, 0.90, 1.00	0.91, 0.91, 0.91, 0.92	0.84, 0.83, 0.82, 0.85	0.73, 0.71, 0.70, 0.65	0.50, 0.50, 0.50, 0.50
119	train	1.09, 1.12, 1.12, 1.42	0.92, 0.85, 0.86, 0.00	0.72, 0.92, 0.91, 1.00	0.96, 0.95, 0.95, 0.96	0.91, 0.91, 0.91, 0.90	0.93, 0.92, 0.91, 0.88	0.50, 0.50, 0.50, 0.50
119	valid	1.10, 1.15, 1.27, 1.45	0.88, 0.78, 0.52, 0.00	0.72, 0.81, 0.88, 1.00	0.93, 0.92, 0.92, 0.94	0.86, 0.84, 0.81, 0.84	0.76, 0.74, 0.72, 0.65	0.50, 0.50, 0.50, 0.50
120	train	1.09, 1.11, 1.13, 1.42	0.90, 0.87, 0.83, 0.00	0.73, 0.89, 0.92, 1.00	0.95, 0.95, 0.95, 0.96	0.91, 0.91, 0.91, 0.90	0.92, 0.91, 0.90, 0.87	0.50, 0.50, 0.50, 0.50
120	valid	1.16, 1.10, 1.32, 1.46	0.76, 0.88, 0.43, 0.00	0.78, 0.68, 0.91, 1.00	0.90, 0.89, 0.90, 0.91	0.88, 0.86, 0.83, 0.86	0.71, 0.71, 0.69, 0.63	0.50, 0.50, 0.50, 0.50
121	train	1.09, 1.13, 1.13, 1.42	0.91, 0.83, 0.83, 0.00	0.73, 0.89, 0.90, 1.00	0.95, 0.95, 0.95, 0.96	0.90, 0.89, 0.89, 0.88	0.92, 0.90, 0.90, 0.87	0.50, 0.50, 0.50, 0.50
121	valid	1.15, 1.12, 1.28, 1.46	0.79, 0.85, 0.50, 0.00	0.79, 0.72, 0.89, 1.00	0.90, 0.90, 0.90, 0.91	0.88, 0.85, 0.83, 0.85	0.74, 0.74, 0.72, 0.65	0.50, 0.50, 0.50, 0.50
122	train	1.08, 1.12, 1.11, 1.42	0.93, 0.86, 0.86, 0.00	0.72, 0.91, 0.92, 1.00	0.96, 0.96, 0.95, 0.96	0.92, 0.91, 0.91, 0.90	0.93, 0.92, 0.91, 0.89	0.50, 0.50, 0.50, 0.50
122	valid	1.17, 1.23, 1.17, 1.45	0.78, 0.63, 0.74, 0.00	0.74, 0.90, 0.75, 1.00	0.88, 0.88, 0.88, 0.90	0.80, 0.79, 0.78, 0.79	0.81, 0.79, 0.77, 0.71	0.50, 0.50, 0.50, 0.50
123	train	1.08, 1.11, 1.12, 1.42	0.93, 0.86, 0.85, 0.00	0.72, 0.91, 0.91, 1.00	0.96, 0.96, 0.95, 0.96	0.92, 0.91, 0.91, 0.91	0.93, 0.92, 0.91, 0.88	0.50, 0.50, 0.50, 0.50
123	valid	1.21, 1.44, 1.08, 1.47	0.69, 0.15, 0.92, 0.00	0.80, 0.99, 0.47, 1.00	0.85, 0.84, 0.85, 0.86	0.58, 0.58, 0.58, 0.59	0.88, 0.78, 0.81, 0.74	0.50, 0.50, 0.50, 0.50
124	train	1.09, 1.10, 1.13, 1.42	0.91, 0.89, 0.83, 0.00	0.73, 0.89, 0.92, 1.00	0.95, 0.95, 0.95, 0.95	0.92, 0.92, 0.92, 0.91	0.91, 0.91, 0.90, 0.87	0.50, 0.50, 0.50, 0.50
124	valid	1.09, 1.23, 1.24, 1.44	0.91, 0.61, 0.58, 0.00	0.64, 0.90, 0.85, 1.00	0.93, 0.92, 0.93, 0.94	0.79, 0.78, 0.76, 0.77	0.79, 0.75, 0.74, 0.67	0.50, 0.50, 0.50, 0.50
125	train	1.08, 1.11, 1.12, 1.42	0.92, 0.86, 0.85, 0.00	0.72, 0.91, 0.92, 1.00	0.96, 0.96, 0.95, 0.96	0.92, 0.91, 0.91, 0.90	0.93, 0.92, 0.91, 0.89	0.50, 0.50, 0.50, 0.50
125	valid	1.09, 1.17, 1.30, 1.44	0.90, 0.74, 0.47, 0.00	0.65, 0.83, 0.90, 1.00	0.93, 0.92, 0.92, 0.94	0.86, 0.83, 0.80, 0.82	0.74, 0.72, 0.71, 0.65	0.50, 0.50, 0.50, 0.50
126	train	1.08, 1.11, 1.12, 1.42	0.93, 0.88, 0.86, 0.00	0.72, 0.91, 0.92, 1.00	0.96, 0.96, 0.95, 0.96	0.93, 0.92, 0.92, 0.92	0.93, 0.92, 0.91, 0.89	0.50, 0.50, 0.50, 0.50
126	valid	1.09, 1.18, 1.27, 1.44	0.90, 0.73, 0.52, 0.00	0.66, 0.85, 0.89, 1.00	0.93, 0.92, 0.93, 0.94	0.85, 0.82, 0.79, 0.82	0.76, 0.74, 0.73, 0.66	0.50, 0.50, 0.50, 0.50
127	train	1.09, 1.12, 1.13, 1.42	0.91, 0.85, 0.82, 0.00	0.73, 0.89, 0.91, 1.00	0.96, 0.95, 0.95, 0.96	0.91, 0.90, 0.90, 0.90	0.92, 0.91, 0.90, 0.87	0.50, 0.50, 0.50, 0.50
127	valid	1.25, 1.48, 1.07, 1.48	0.59, 0.08, 0.94, 0.00	0.84, 1.00, 0.38, 1.00	0.82, 0.81, 0.82, 0.83	0.55, 0.55, 0.55, 0.55	0.87, 0.75, 0.80, 0.75	0.50, 0.50, 0.50, 0.50
128	train	1.09, 1.12, 1.12, 1.42	0.92, 0.85, 0.86, 0.00	0.72, 0.91, 0.91, 1.00	0.96, 0.96, 0.95, 0.96	0.91, 0.91, 0.91, 0.90	0.93, 0.92, 0.91, 0.89	0.50, 0.50, 0.50, 0.50
128	valid	1.12, 1.17, 1.23, 1.45	0.86, 0.73, 0.61, 0.00	0.74, 0.84, 0.84, 1.00	0.91, 0.91, 0.91, 0.92	0.84, 0.82, 0.80, 0.82	0.80, 0.76, 0.75, 0.67	0.50, 0.50, 0.50, 0.50
129	train	1.09, 1.11, 1.13, 1.42	0.92, 0.87, 0.84, 0.00	0.72, 0.91, 0.92, 1.00	0.96, 0.95, 0.95, 0.96	0.92, 0.91, 0.91, 0.91	0.92, 0.92, 0.91, 0.88	0.50, 0.50, 0.50, 0.50
129	valid	1.08, 1.24, 1.25, 1.44	0.92, 0.59, 0.58, 0.00	0.61, 0.91, 0.86, 1.00	0.93, 0.92, 0.93, 0.95	0.79, 0.77, 0.76, 0.77	0.79, 0.75, 0.74, 0.67	0.50, 0.50, 0.50, 0.50
130	train	1.09, 1.13, 1.12, 1.42	0.91, 0.83, 0.84, 0.00	0.72, 0.90, 0.91, 1.00	0.95, 0.95, 0.95, 0.96	0.90, 0.89, 0.89, 0.89	0.92, 0.91, 0.90, 0.88	0.50, 0.50, 0.50, 0.50
130	valid	1.13, 1.19, 1.22, 1.45	0.85, 0.70, 0.64, 0.00	0.72, 0.87, 0.82, 1.00	0.91, 0.90, 0.91, 0.92	0.82, 0.81, 0.79, 0.81	0.80, 0.77, 0.76, 0.69	0.50, 0.50, 0.50, 0.50
131	train	1.09, 1.11, 1.11, 1.42	0.92, 0.87, 0.88, 0.00	0.71, 0.92, 0.92, 1.00	0.96, 0.95, 0.95, 0.96	0.92, 0.92, 0.92, 0.91	0.94, 0.93, 0.92, 0.90	0.50, 0.50, 0.50, 0.50
131	valid	1.16, 1.13, 1.27, 1.44	0.80, 0.82, 0.53, 0.00	0.74, 0.78, 0.88, 1.00	0.89, 0.88, 0.89, 0.90	0.87, 0.84, 0.82, 0.84	0.74, 0.74, 0.72, 0.67	0.50, 0.50, 0.50, 0.50
132	train	1.09, 1.11, 1.11, 1.42	0.92, 0.86, 0.86, 0.00	0.71, 0.92, 0.92, 1.00	0.95, 0.95, 0.95, 0.96	0.92, 0.91, 0.92, 0.91	0.93, 0.93, 0.92, 0.89	0.50, 0.50, 0.50, 0.50
132	valid	1.07, 1.46, 1.18, 1.45	0.94, 0.06, 0.70, 0.00	0.52, 1.00, 0.73, 1.00	0.94, 0.91, 0.94, 0.96	0.53, 0.53, 0.53, 0.53	0.84, 0.72, 0.76, 0.69	0.50, 0.50, 0.50, 0.50
133	train	1.08, 1.11, 1.12, 1.42	0.93, 0.87, 0.85, 0.00	0.72, 0.91, 0.93, 1.00	0.96, 0.96, 0.96, 0.96	0.92, 0.92, 0.92, 0.91	0.93, 0.92, 0.91, 0.89	0.50, 0.50, 0.50, 0.50
133	valid	1.10, 1.30, 1.20, 1.44	0.91, 0.45, 0.67, 0.00	0.60, 0.96, 0.80, 1.00	0.92, 0.91, 0.92, 0.94	0.72, 0.72, 0.71, 0.71	0.82, 0.75, 0.76, 0.69	0.50, 0.50, 0.50, 0.50
134	train	1.08, 1.11, 1.11, 1.42	0.93, 0.87, 0.87, 0.00	0.71, 0.92, 0.92, 1.00	0.96, 0.96, 0.95, 0.96	0.92, 0.92, 0.92, 0.91	0.94, 0.93, 0.92, 0.90	0.50, 0.50, 0.50, 0.50
134	valid	1.12, 1.23, 1.20, 1.44	0.87, 0.62, 0.67, 0.00	0.70, 0.90, 0.80, 1.00	0.92, 0.90, 0.92, 0.93	0.81, 0.79, 0.77, 0.78	0.81, 0.77, 0.76, 0.69	0.50, 0.50, 0.50, 0.50
135	train	1.09, 1.13, 1.12, 1.42	0.92, 0.83, 0.84, 0.00	0.71, 0.90, 0.92, 1.00	0.96, 0.95, 0.95, 0.96	0.89, 0.89, 0.89, 0.88	0.92, 0.91, 0.91, 0.89	0.50, 0.50, 0.50, 0.50
135	valid	1.12, 1.14, 1.28, 1.45	0.87, 0.81, 0.51, 0.00	0.74, 0.79, 0.88, 1.00	0.92, 0.91, 0.91, 0.93	0.87, 0.84, 0.81, 0.83	0.75, 0.74, 0.72, 0.65	0.50, 0.50, 0.50, 0.50
136	train	1.09, 1.11, 1.12, 1.42	0.92, 0.86, 0.85, 0.00	0.73, 0.90, 0.92, 1.00	0.96, 0.96, 0.95, 0.96	0.91, 0.91, 0.91, 0.90	0.93, 0.91, 0.91, 0.88	0.50, 0.50, 0.50, 0.50
136	valid	1.10, 1.17, 1.27, 1.44	0.89, 0.74, 0.51, 0.00	0.67, 0.84, 0.89, 1.00	0.92, 0.91, 0.92, 0.94	0.85, 0.82, 0.80, 0.82	0.75, 0.73, 0.72, 0.66	0.50, 0.50, 0.50, 0.50
137	train	1.08, 1.11, 1.11, 1.41	0.94, 0.87, 0.88, 0.00	0.71, 0.93, 0.93, 1.00	0.96, 0.96, 0.96, 0.97	0.92, 0.92, 0.92, 0.92	0.94, 0.93, 0.92, 0.90	0.50, 0.50, 0.50, 0.50
137	valid	1.16, 1.07, 1.44, 1.48	0.76, 0.93, 0.17, 0.00	0.82, 0.51, 0.98, 1.00	0.90, 0.89, 0.89, 0.90	0.91, 0.86, 0.82, 0.84	0.59, 0.60, 0.59, 0.57	0.50, 0.50, 0.50, 0.50
138	train	1.09, 1.10, 1.12, 1.42	0.92, 0.89, 0.85, 0.00	0.72, 0.90, 0.93, 1.00	0.96, 0.95, 0.95, 0.96	0.93, 0.92, 0.92, 0.92	0.92, 0.92, 0.91, 0.89	0.50, 0.50, 0.50, 0.50
138	valid	1.12, 1.21, 1.21, 1.44	0.86, 0.66, 0.64, 0.00	0.70, 0.88, 0.83, 1.00	0.91, 0.90, 0.91, 0.92	0.82, 0.80, 0.78, 0.81	0.81, 0.77, 0.76, 0.70	0.50, 0.50, 0.50, 0.50
139	train	1.08, 1.11, 1.11, 1.41	0.94, 0.87, 0.88, 0.00	0.70, 0.93, 0.93, 1.00	0.96, 0.96, 0.96, 0.97	0.93, 0.92, 0.93, 0.92	0.94, 0.93, 0.93, 0.90	0.50, 0.50, 0.50, 0.50
139	valid	1.09, 1.18, 1.29, 1.44	0.91, 0.71, 0.47, 0.00	0.64, 0.84, 0.90, 1.00	0.93, 0.92, 0.92, 0.94	0.84, 0.82, 0.79, 0.81	0.73, 0.72, 0.70, 0.64	0.50, 0.50, 0.50, 0.50
140	train	1.08, 1.10, 1.12, 1.42	0.93, 0.88, 0.86, 0.00	0.72, 0.91, 0.93, 1.00	0.96, 0.96, 0.96, 0.97	0.93, 0.92, 0.92, 0.91	0.93, 0.93, 0.92, 0.90	0.50, 0.50, 0.50, 0.50
140	valid	1.13, 1.12, 1.32, 1.45	0.83, 0.85, 0.41, 0.00	0.74, 0.72, 0.92, 1.00	0.91, 0.90, 0.90, 0.92	0.88, 0.85, 0.82, 0.84	0.70, 0.70, 0.68, 0.63	0.50, 0.50, 0.50, 0.50
141	train	1.08, 1.10, 1.11, 1.41	0.93, 0.88, 0.86, 0.00	0.71, 0.92, 0.94, 1.00	0.96, 0.96, 0.96, 0.97	0.93, 0.92, 0.93, 0.92	0.93, 0.93, 0.92, 0.90	0.50, 0.50, 0.50, 0.50
141	valid	1.14, 1.19, 1.20, 1.46	0.82, 0.71, 0.67, 0.00	0.78, 0.85, 0.79, 1.00	0.90, 0.89, 0.90, 0.92	0.84, 0.82, 0.80, 0.81	0.81, 0.79, 0.77, 0.69	0.50, 0.50, 0.50, 0.50
142	train	1.08, 1.10, 1.10, 1.41	0.94, 0.88, 0.89, 0.00	0.71, 0.93, 0.93, 1.00	0.96, 0.96, 0.96, 0.97	0.93, 0.93, 0.93, 0.92	0.95, 0.94, 0.93, 0.91	0.50, 0.50, 0.50, 0.50
142	valid	1.17, 1.31, 1.15, 1.44	0.80, 0.42, 0.78, 0.00	0.70, 0.96, 0.69, 1.00	0.88, 0.87, 0.87, 0.89	0.71, 0.71, 0.71, 0.71	0.83, 0.77, 0.78, 0.72	0.50, 0.50, 0.50, 0.50
143	train	1.08, 1.11, 1.11, 1.41	0.93, 0.86, 0.87, 0.00	0.71, 0.92, 0.93, 1.00	0.96, 0.96, 0.95, 0.96	0.92, 0.91, 0.91, 0.91	0.94, 0.93, 0.92, 0.90	0.50, 0.50, 0.50, 0.50
143	valid	1.29, 1.04, 1.51, 1.51	0.42, 0.98, 0.05, 0.00	0.94, 0.24, 0.99, 1.00	0.81, 0.81, 0.81, 0.82	0.90, 0.85, 0.80, 0.84	0.53, 0.53, 0.53, 0.52	0.50, 0.50, 0.50, 0.50
144	train	1.08, 1.10, 1.11, 1.41	0.94, 0.90, 0.88, 0.00	0.71, 0.93, 0.93, 1.00	0.96, 0.96, 0.96, 0.97	0.94, 0.94, 0.94, 0.93	0.94, 0.94, 0.93, 0.90	0.50, 0.50, 0.50, 0.50
144	valid	1.09, 1.29, 1.21, 1.44	0.91, 0.45, 0.66, 0.00	0.60, 0.95, 0.81, 1.00	0.93, 0.92, 0.93, 0.95	0.73, 0.73, 0.72, 0.73	0.82, 0.76, 0.76, 0.70	0.50, 0.50, 0.50, 0.50
145	train	1.08, 1.10, 1.11, 1.41	0.94, 0.88, 0.87, 0.00	0.71, 0.92, 0.93, 1.00	0.96, 0.96, 0.96, 0.97	0.93, 0.93, 0.93, 0.92	0.94, 0.93, 0.93, 0.91	0.50, 0.50, 0.50, 0.50
145	valid	1.14, 1.19, 1.24, 1.44	0.84, 0.70, 0.58, 0.00	0.68, 0.86, 0.85, 1.00	0.90, 0.89, 0.90, 0.91	0.82, 0.80, 0.78, 0.81	0.77, 0.75, 0.74, 0.68	0.50, 0.50, 0.50, 0.50
146	train	1.08, 1.11, 1.12, 1.42	0.92, 0.88, 0.84, 0.00	0.72, 0.90, 0.93, 1.00	0.96, 0.96, 0.95, 0.96	0.92, 0.91, 0.91, 0.91	0.92, 0.91, 0.91, 0.89	0.50, 0.50, 0.50, 0.50
146	valid	1.17, 1.09, 1.32, 1.46	0.74, 0.89, 0.41, 0.00	0.80, 0.65, 0.91, 1.00	0.89, 0.88, 0.88, 0.89	0.88, 0.86, 0.83, 0.85	0.71, 0.71, 0.69, 0.63	0.50, 0.50, 0.50, 0.50
147	train	1.08, 1.11, 1.10, 1.41	0.93, 0.87, 0.88, 0.00	0.71, 0.93, 0.92, 1.00	0.96, 0.96, 0.96, 0.97	0.93, 0.93, 0.93, 0.92	0.94, 0.93, 0.93, 0.91	0.50, 0.50, 0.50, 0.50
147	valid	1.10, 1.32, 1.18, 1.44	0.90, 0.41, 0.71, 0.00	0.62, 0.96, 0.77, 1.00	0.92, 0.91, 0.92, 0.94	0.70, 0.70, 0.70, 0.70	0.83, 0.75, 0.77, 0.72	0.50, 0.50, 0.50, 0.50
148	train	1.08, 1.10, 1.11, 1.42	0.94, 0.88, 0.86, 0.00	0.71, 0.92, 0.93, 1.00	0.96, 0.96, 0.96, 0.97	0.93, 0.92, 0.92, 0.91	0.93, 0.92, 0.92, 0.90	0.50, 0.50, 0.50, 0.50
148	valid	1.10, 1.35, 1.17, 1.44	0.89, 0.33, 0.74, 0.00	0.62, 0.97, 0.75, 1.00	0.92, 0.91, 0.92, 0.94	0.67, 0.67, 0.66, 0.67	0.84, 0.76, 0.78, 0.72	0.50, 0.50, 0.50, 0.50
149	train	1.08, 1.10, 1.11, 1.41	0.94, 0.89, 0.87, 0.00	0.71, 0.93, 0.94, 1.00	0.96, 0.96, 0.96, 0.97	0.94, 0.93, 0.93, 0.93	0.94, 0.94, 0.93, 0.91	0.50, 0.50, 0.50, 0.50
149	valid	1.09, 1.23, 1.24, 1.44	0.91, 0.61, 0.59, 0.00	0.63, 0.89, 0.85, 1.00	0.93, 0.92, 0.93, 0.94	0.80, 0.78, 0.76, 0.77	0.79, 0.75, 0.75, 0.69	0.50, 0.50, 0.50, 0.50
150	train	1.08, 1.10, 1.12, 1.42	0.94, 0.89, 0.85, 0.00	0.71, 0.92, 0.93, 1.00	0.96, 0.96, 0.96, 0.97	0.94, 0.93, 0.93, 0.92	0.93, 0.92, 0.91, 0.89	0.50, 0.50, 0.50, 0.50
150	valid	1.13, 1.34, 1.14, 1.45	0.84, 0.37, 0.81, 0.00	0.70, 0.97, 0.69, 1.00	0.91, 0.89, 0.91, 0.92	0.69, 0.69, 0.69, 0.69	0.85, 0.78, 0.79, 0.73	0.50, 0.50, 0.50, 0.50
151	train	1.08, 1.12, 1.10, 1.41	0.94, 0.85, 0.89, 0.00	0.70, 0.94, 0.92, 1.00	0.96, 0.96, 0.96, 0.97	0.92, 0.92, 0.92, 0.91	0.94, 0.94, 0.93, 0.91	0.50, 0.50, 0.50, 0.50
151	valid	1.12, 1.26, 1.16, 1.45	0.85, 0.54, 0.76, 0.00	0.72, 0.93, 0.75, 1.00	0.91, 0.90, 0.91, 0.92	0.76, 0.76, 0.75, 0.76	0.85, 0.79, 0.79, 0.71	0.50, 0.50, 0.50, 0.50
152	train	1.08, 1.09, 1.12, 1.42	0.94, 0.91, 0.85, 0.00	0.72, 0.91, 0.94, 1.00	0.96, 0.96, 0.96, 0.97	0.94, 0.93, 0.93, 0.93	0.93, 0.92, 0.91, 0.89	0.50, 0.50, 0.50, 0.50
152	valid	1.11, 1.18, 1.23, 1.45	0.87, 0.72, 0.61, 0.00	0.72, 0.84, 0.85, 1.00	0.92, 0.91, 0.92, 0.93	0.84, 0.82, 0.80, 0.81	0.79, 0.77, 0.75, 0.68	0.50, 0.50, 0.50, 0.50
153	train	1.08, 1.11, 1.11, 1.41	0.93, 0.88, 0.87, 0.00	0.71, 0.93, 0.93, 1.00	0.96, 0.96, 0.96, 0.97	0.92, 0.92, 0.92, 0.92	0.94, 0.93, 0.92, 0.90	0.50, 0.50, 0.50, 0.50
153	valid	1.05, 1.30, 1.47, 1.47	0.97, 0.46, 0.09, 0.00	0.26, 0.93, 0.99, 1.00	0.94, 0.93, 0.93, 0.95	0.76, 0.73, 0.71, 0.73	0.57, 0.57, 0.56, 0.55	0.50, 0.50, 0.50, 0.50
154	train	1.08, 1.10, 1.10, 1.41	0.94, 0.89, 0.88, 0.00	0.71, 0.93, 0.94, 1.00	0.97, 0.96, 0.96, 0.97	0.94, 0.93, 0.93, 0.93	0.94, 0.94, 0.93, 0.91	0.50, 0.50, 0.50, 0.50
154	valid	1.09, 1.19, 1.29, 1.44	0.91, 0.70, 0.47, 0.00	0.62, 0.86, 0.90, 1.00	0.93, 0.92, 0.93, 0.94	0.83, 0.81, 0.79, 0.80	0.74, 0.71, 0.70, 0.65	0.50, 0.50, 0.50, 0.50
155	train	1.08, 1.11, 1.11, 1.41	0.94, 0.87, 0.87, 0.00	0.71, 0.92, 0.93, 1.00	0.96, 0.96, 0.96, 0.97	0.93, 0.92, 0.92, 0.92	0.94, 0.93, 0.92, 0.90	0.50, 0.50, 0.50, 0.50
155	valid	1.12, 1.14, 1.29, 1.44	0.86, 0.81, 0.47, 0.00	0.71, 0.78, 0.90, 1.00	0.91, 0.91, 0.91, 0.92	0.86, 0.84, 0.81, 0.84	0.74, 0.73, 0.71, 0.65	0.50, 0.50, 0.50, 0.50
156	train	1.08, 1.11, 1.12, 1.41	0.94, 0.86, 0.85, 0.00	0.71, 0.92, 0.93, 1.00	0.96, 0.96, 0.96, 0.97	0.92, 0.92, 0.91, 0.91	0.93, 0.92, 0.91, 0.90	0.50, 0.50, 0.50, 0.50
156	valid	1.12, 1.39, 1.13, 1.45	0.87, 0.25, 0.81, 0.00	0.68, 0.98, 0.67, 1.00	0.91, 0.90, 0.91, 0.93	0.63, 0.63, 0.62, 0.63	0.86, 0.76, 0.79, 0.73	0.50, 0.50, 0.50, 0.50
157	train	1.08, 1.10, 1.11, 1.41	0.94, 0.89, 0.87, 0.00	0.71, 0.93, 0.93, 1.00	0.96, 0.96, 0.96, 0.97	0.94, 0.93, 0.94, 0.93	0.93, 0.93, 0.92, 0.90	0.50, 0.50, 0.50, 0.50
157	valid	1.11, 1.13, 1.32, 1.45	0.87, 0.82, 0.41, 0.00	0.71, 0.75, 0.92, 1.00	0.92, 0.91, 0.91, 0.93	0.88, 0.84, 0.81, 0.83	0.71, 0.71, 0.69, 0.64	0.50, 0.50, 0.50, 0.50
158	train	1.08, 1.12, 1.11, 1.41	0.93, 0.85, 0.86, 0.00	0.71, 0.92, 0.92, 1.00	0.96, 0.96, 0.95, 0.96	0.91, 0.91, 0.91, 0.90	0.93, 0.92, 0.92, 0.90	0.50, 0.50, 0.50, 0.50
158	valid	1.25, 1.19, 1.19, 1.45	0.65, 0.69, 0.68, 0.00	0.77, 0.82, 0.76, 1.00	0.81, 0.81, 0.81, 0.82	0.78, 0.79, 0.78, 0.81	0.80, 0.78, 0.76, 0.69	0.50, 0.50, 0.50, 0.50
159	train	1.08, 1.11, 1.11, 1.42	0.93, 0.88, 0.86, 0.00	0.71, 0.91, 0.93, 1.00	0.96, 0.96, 0.96, 0.97	0.92, 0.92, 0.92, 0.91	0.93, 0.93, 0.92, 0.90	0.50, 0.50, 0.50, 0.50
159	valid	1.16, 1.14, 1.25, 1.46	0.77, 0.82, 0.59, 0.00	0.79, 0.77, 0.85, 1.00	0.89, 0.88, 0.89, 0.90	0.86, 0.84, 0.82, 0.84	0.77, 0.77, 0.74, 0.68	0.50, 0.50, 0.50, 0.50
160	train	1.08, 1.09, 1.10, 1.41	0.94, 0.91, 0.90, 0.00	0.71, 0.93, 0.94, 1.00	0.96, 0.96, 0.96, 0.97	0.94, 0.94, 0.95, 0.94	0.95, 0.95, 0.94, 0.92	0.50, 0.50, 0.50, 0.50
160	valid	1.11, 1.20, 1.23, 1.44	0.87, 0.69, 0.62, 0.00	0.69, 0.87, 0.85, 1.00	0.92, 0.90, 0.91, 0.93	0.83, 0.81, 0.79, 0.80	0.79, 0.77, 0.75, 0.69	0.50, 0.50, 0.50, 0.50
161	train	1.07, 1.10, 1.10, 1.41	0.94, 0.89, 0.89, 0.00	0.71, 0.92, 0.94, 1.00	0.97, 0.97, 0.96, 0.97	0.93, 0.93, 0.93, 0.92	0.95, 0.94, 0.93, 0.92	0.50, 0.50, 0.50, 0.50
161	valid	1.13, 1.08, 1.44, 1.49	0.81, 0.92, 0.16, 0.00	0.83, 0.52, 0.98, 1.00	0.91, 0.90, 0.90, 0.92	0.92, 0.85, 0.80, 0.82	0.59, 0.59, 0.58, 0.56	0.50, 0.50, 0.50, 0.50
162	train	1.08, 1.11, 1.12, 1.41	0.94, 0.87, 0.85, 0.00	0.70, 0.92, 0.94, 1.00	0.96, 0.96, 0.96, 0.97	0.93, 0.92, 0.92, 0.91	0.93, 0.92, 0.92, 0.90	0.50, 0.50, 0.50, 0.50
162	valid	1.11, 1.44, 1.14, 1.45	0.88, 0.11, 0.81, 0.00	0.64, 1.00, 0.65, 1.00	0.92, 0.90, 0.92, 0.94	0.56, 0.56, 0.56, 0.56	0.86, 0.74, 0.78, 0.72	0.50, 0.50, 0.50, 0.50
163	train	1.07, 1.10, 1.10, 1.41	0.95, 0.89, 0.89, 0.00	0.70, 0.94, 0.95, 1.00	0.97, 0.97, 0.96, 0.97	0.94, 0.93, 0.94, 0.93	0.95, 0.95, 0.94, 0.92	0.50, 0.50, 0.50, 0.50
163	valid	1.09, 1.29, 1.22, 1.43	0.91, 0.48, 0.64, 0.00	0.58, 0.95, 0.83, 1.00	0.93, 0.91, 0.92, 0.94	0.74, 0.73, 0.72, 0.73	0.80, 0.75, 0.75, 0.70	0.50, 0.50, 0.50, 0.50
164	train	1.09, 1.10, 1.11, 1.41	0.92, 0.89, 0.87, 0.00	0.71, 0.92, 0.94, 1.00	0.96, 0.96, 0.95, 0.96	0.93, 0.93, 0.93, 0.93	0.93, 0.93, 0.92, 0.91	0.50, 0.50, 0.50, 0.50
164	valid	1.14, 1.18, 1.24, 1.44	0.83, 0.74, 0.60, 0.00	0.72, 0.84, 0.84, 1.00	0.90, 0.89, 0.90, 0.91	0.84, 0.82, 0.80, 0.82	0.77, 0.77, 0.74, 0.68	0.50, 0.50, 0.50, 0.50
165	train	1.07, 1.09, 1.10, 1.41	0.95, 0.90, 0.89, 0.00	0.70, 0.94, 0.95, 1.00	0.97, 0.97, 0.96, 0.97	0.94, 0.94, 0.94, 0.93	0.95, 0.95, 0.94, 0.92	0.50, 0.50, 0.50, 0.50
165	valid	1.14, 1.23, 1.19, 1.44	0.84, 0.60, 0.70, 0.00	0.69, 0.91, 0.79, 1.00	0.90, 0.89, 0.90, 0.91	0.78, 0.77, 0.76, 0.78	0.82, 0.78, 0.77, 0.70	0.50, 0.50, 0.50, 0.50
166	train	1.07, 1.10, 1.10, 1.41	0.95, 0.90, 0.89, 0.00	0.70, 0.94, 0.94, 1.00	0.97, 0.97, 0.96, 0.97	0.94, 0.94, 0.94, 0.94	0.95, 0.94, 0.93, 0.92	0.50, 0.50, 0.50, 0.50
166	valid	1.12, 1.30, 1.17, 1.44	0.87, 0.45, 0.74, 0.00	0.66, 0.95, 0.76, 1.00	0.91, 0.90, 0.91, 0.92	0.72, 0.72, 0.71, 0.72	0.83, 0.76, 0.78, 0.72	0.50, 0.50, 0.50, 0.50
167	train	1.08, 1.10, 1.11, 1.41	0.93, 0.89, 0.86, 0.00	0.71, 0.91, 0.94, 1.00	0.96, 0.96, 0.96, 0.97	0.94, 0.93, 0.93, 0.93	0.94, 0.93, 0.93, 0.91	0.50, 0.50, 0.50, 0.50
167	valid	1.12, 1.14, 1.35, 1.44	0.87, 0.80, 0.34, 0.00	0.67, 0.75, 0.93, 1.00	0.91, 0.90, 0.91, 0.93	0.87, 0.83, 0.79, 0.82	0.67, 0.66, 0.65, 0.61	0.50, 0.50, 0.50, 0.50
168	train	1.08, 1.10, 1.10, 1.41	0.93, 0.89, 0.88, 0.00	0.71, 0.92, 0.94, 1.00	0.96, 0.96, 0.96, 0.97	0.93, 0.93, 0.93, 0.93	0.95, 0.94, 0.94, 0.92	0.50, 0.50, 0.50, 0.50
168	valid	1.22, 1.35, 1.11, 1.46	0.69, 0.35, 0.85, 0.00	0.77, 0.97, 0.57, 1.00	0.84, 0.83, 0.84, 0.85	0.68, 0.68, 0.68, 0.68	0.84, 0.77, 0.79, 0.73	0.50, 0.50, 0.50, 0.50
169	train	1.08, 1.11, 1.10, 1.41	0.94, 0.87, 0.89, 0.00	0.70, 0.93, 0.94, 1.00	0.96, 0.96, 0.96, 0.97	0.93, 0.92, 0.93, 0.92	0.95, 0.94, 0.93, 0.92	0.50, 0.50, 0.50, 0.50
169	valid	1.20, 1.10, 1.32, 1.45	0.70, 0.89, 0.40, 0.00	0.78, 0.65, 0.91, 1.00	0.87, 0.86, 0.86, 0.87	0.86, 0.85, 0.83, 0.86	0.70, 0.70, 0.68, 0.62	0.50, 0.50, 0.50, 0.50
170	train	1.07, 1.11, 1.10, 1.41	0.95, 0.88, 0.88, 0.00	0.70, 0.93, 0.94, 1.00	0.97, 0.97, 0.96, 0.97	0.93, 0.93, 0.93, 0.92	0.94, 0.94, 0.93, 0.91	0.50, 0.50, 0.50, 0.50
170	valid	1.12, 1.19, 1.24, 1.44	0.86, 0.69, 0.59, 0.00	0.68, 0.86, 0.85, 1.00	0.92, 0.90, 0.91, 0.93	0.82, 0.80, 0.78, 0.80	0.78, 0.76, 0.74, 0.68	0.50, 0.50, 0.50, 0.50
171	train	1.08, 1.10, 1.11, 1.41	0.93, 0.87, 0.87, 0.00	0.71, 0.92, 0.94, 1.00	0.96, 0.96, 0.96, 0.97	0.92, 0.92, 0.92, 0.91	0.94, 0.93, 0.92, 0.91	0.50, 0.50, 0.50, 0.50
171	valid	1.10, 1.21, 1.26, 1.43	0.89, 0.64, 0.53, 0.00	0.62, 0.88, 0.87, 1.00	0.92, 0.91, 0.92, 0.94	0.81, 0.79, 0.77, 0.78	0.76, 0.73, 0.72, 0.67	0.50, 0.50, 0.50, 0.50
172	train	1.08, 1.10, 1.10, 1.41	0.94, 0.89, 0.89, 0.00	0.70, 0.94, 0.94, 1.00	0.96, 0.96, 0.96, 0.97	0.94, 0.94, 0.94, 0.93	0.95, 0.94, 0.94, 0.92	0.50, 0.50, 0.50, 0.50
172	valid	1.07, 1.28, 1.26, 1.44	0.94, 0.52, 0.56, 0.00	0.56, 0.93, 0.87, 1.00	0.94, 0.92, 0.93, 0.95	0.76, 0.75, 0.73, 0.75	0.78, 0.74, 0.74, 0.67	0.50, 0.50, 0.50, 0.50
173	train	1.07, 1.10, 1.10, 1.41	0.95, 0.89, 0.89, 0.00	0.70, 0.94, 0.94, 1.00	0.97, 0.97, 0.96, 0.97	0.94, 0.93, 0.93, 0.93	0.95, 0.94, 0.94, 0.92	0.50, 0.50, 0.50, 0.50
173	valid	1.16, 1.25, 1.17, 1.45	0.79, 0.56, 0.75, 0.00	0.73, 0.92, 0.73, 1.00	0.89, 0.88, 0.89, 0.90	0.77, 0.76, 0.75, 0.77	0.83, 0.79, 0.78, 0.72	0.50, 0.50, 0.50, 0.50
174	train	1.08, 1.10, 1.11, 1.41	0.94, 0.88, 0.86, 0.00	0.70, 0.92, 0.94, 1.00	0.96, 0.96, 0.96, 0.97	0.93, 0.92, 0.92, 0.92	0.94, 0.93, 0.92, 0.91	0.50, 0.50, 0.50, 0.50
174	valid	1.14, 1.31, 1.16, 1.44	0.83, 0.43, 0.77, 0.00	0.69, 0.96, 0.71, 1.00	0.90, 0.89, 0.90, 0.92	0.72, 0.71, 0.71, 0.72	0.83, 0.77, 0.78, 0.72	0.50, 0.50, 0.50, 0.50
175	train	1.08, 1.11, 1.10, 1.41	0.94, 0.87, 0.90, 0.00	0.69, 0.94, 0.94, 1.00	0.96, 0.96, 0.96, 0.97	0.93, 0.93, 0.93, 0.92	0.95, 0.95, 0.94, 0.92	0.50, 0.50, 0.50, 0.50
175	valid	1.11, 1.31, 1.17, 1.44	0.88, 0.43, 0.74, 0.00	0.66, 0.96, 0.75, 1.00	0.92, 0.90, 0.92, 0.93	0.72, 0.71, 0.70, 0.71	0.84, 0.77, 0.78, 0.72	0.50, 0.50, 0.50, 0.50
176	train	1.08, 1.10, 1.10, 1.41	0.94, 0.88, 0.90, 0.00	0.70, 0.94, 0.94, 1.00	0.96, 0.96, 0.96, 0.97	0.93, 0.93, 0.93, 0.93	0.95, 0.95, 0.94, 0.92	0.50, 0.50, 0.50, 0.50
176	valid	1.13, 1.25, 1.20, 1.44	0.85, 0.56, 0.69, 0.00	0.68, 0.91, 0.79, 1.00	0.91, 0.90, 0.91, 0.92	0.77, 0.76, 0.75, 0.76	0.82, 0.77, 0.77, 0.71	0.50, 0.50, 0.50, 0.50
177	train	1.08, 1.09, 1.10, 1.41	0.94, 0.92, 0.90, 0.00	0.70, 0.93, 0.95, 1.00	0.97, 0.97, 0.96, 0.97	0.95, 0.94, 0.95, 0.94	0.95, 0.95, 0.94, 0.92	0.50, 0.50, 0.50, 0.50
177	valid	1.14, 1.36, 1.12, 1.46	0.80, 0.32, 0.84, 0.00	0.74, 0.98, 0.63, 1.00	0.90, 0.89, 0.90, 0.92	0.67, 0.67, 0.67, 0.67	0.86, 0.78, 0.80, 0.74	0.50, 0.50, 0.50, 0.50
178	train	1.08, 1.10, 1.11, 1.41	0.94, 0.90, 0.88, 0.00	0.71, 0.92, 0.95, 1.00	0.97, 0.97, 0.96, 0.97	0.94, 0.93, 0.93, 0.93	0.94, 0.94, 0.93, 0.92	0.50, 0.50, 0.50, 0.50
178	valid	1.12, 1.19, 1.25, 1.44	0.87, 0.70, 0.56, 0.00	0.67, 0.86, 0.86, 1.00	0.91, 0.91, 0.91, 0.93	0.82, 0.81, 0.79, 0.81	0.77, 0.74, 0.73, 0.67	0.50, 0.50, 0.50, 0.50
179	train	1.08, 1.11, 1.10, 1.41	0.93, 0.87, 0.88, 0.00	0.70, 0.93, 0.93, 1.00	0.96, 0.96, 0.96, 0.97	0.93, 0.92, 0.92, 0.92	0.94, 0.93, 0.93, 0.91	0.50, 0.50, 0.50, 0.50
179	valid	1.12, 1.13, 1.30, 1.45	0.84, 0.82, 0.47, 0.00	0.75, 0.75, 0.89, 1.00	0.91, 0.90, 0.91, 0.92	0.87, 0.84, 0.81, 0.84	0.73, 0.72, 0.70, 0.64	0.50, 0.50, 0.50, 0.50
180	train	1.08, 1.09, 1.10, 1.41	0.95, 0.90, 0.90, 0.00	0.70, 0.94, 0.95, 1.00	0.96, 0.96, 0.96, 0.97	0.94, 0.94, 0.94, 0.94	0.95, 0.95, 0.94, 0.92	0.50, 0.50, 0.50, 0.50
180	valid	1.09, 1.25, 1.25, 1.44	0.91, 0.58, 0.58, 0.00	0.62, 0.90, 0.85, 1.00	0.93, 0.92, 0.93, 0.95	0.78, 0.76, 0.75, 0.75	0.78, 0.75, 0.74, 0.67	0.50, 0.50, 0.50, 0.50
181	train	1.08, 1.11, 1.10, 1.41	0.94, 0.87, 0.88, 0.00	0.69, 0.93, 0.94, 1.00	0.96, 0.96, 0.96, 0.97	0.92, 0.92, 0.92, 0.92	0.94, 0.94, 0.93, 0.92	0.50, 0.50, 0.50, 0.50
181	valid	1.11, 1.13, 1.32, 1.45	0.86, 0.83, 0.40, 0.00	0.72, 0.74, 0.93, 1.00	0.92, 0.91, 0.91, 0.93	0.88, 0.84, 0.81, 0.83	0.70, 0.70, 0.68, 0.64	0.50, 0.50, 0.50, 0.50
182	train	1.08, 1.10, 1.11, 1.41	0.94, 0.89, 0.87, 0.00	0.70, 0.92, 0.95, 1.00	0.97, 0.97, 0.96, 0.97	0.93, 0.93, 0.93, 0.93	0.94, 0.94, 0.93, 0.91	0.50, 0.50, 0.50, 0.50
182	valid	1.12, 1.28, 1.19, 1.44	0.87, 0.50, 0.69, 0.00	0.65, 0.94, 0.78, 1.00	0.91, 0.90, 0.91, 0.93	0.74, 0.74, 0.73, 0.74	0.81, 0.76, 0.76, 0.69	0.50, 0.50, 0.50, 0.50
183	train	1.07, 1.09, 1.10, 1.41	0.95, 0.91, 0.89, 0.00	0.71, 0.93, 0.95, 1.00	0.97, 0.97, 0.96, 0.97	0.95, 0.94, 0.94, 0.94	0.95, 0.94, 0.94, 0.92	0.50, 0.50, 0.50, 0.50
183	valid	1.13, 1.19, 1.24, 1.44	0.85, 0.72, 0.60, 0.00	0.70, 0.85, 0.84, 1.00	0.91, 0.90, 0.90, 0.92	0.83, 0.82, 0.80, 0.82	0.78, 0.76, 0.74, 0.68	0.50, 0.50, 0.50, 0.50
184	train	1.07, 1.10, 1.09, 1.41	0.95, 0.89, 0.90, 0.00	0.69, 0.94, 0.95, 1.00	0.97, 0.97, 0.96, 0.97	0.94, 0.94, 0.94, 0.93	0.96, 0.95, 0.95, 0.93	0.50, 0.50, 0.50, 0.50
184	valid	1.16, 1.27, 1.16, 1.45	0.80, 0.52, 0.76, 0.00	0.73, 0.93, 0.72, 1.00	0.89, 0.88, 0.89, 0.90	0.76, 0.75, 0.74, 0.75	0.83, 0.78, 0.78, 0.72	0.50, 0.50, 0.50, 0.50
185	train	1.08, 1.09, 1.10, 1.41	0.94, 0.91, 0.88, 0.00	0.70, 0.93, 0.95, 1.00	0.97, 0.97, 0.96, 0.97	0.94, 0.94, 0.94, 0.94	0.94, 0.94, 0.93, 0.92	0.50, 0.50, 0.50, 0.50
185	valid	1.12, 1.20, 1.24, 1.44	0.87, 0.69, 0.59, 0.00	0.68, 0.86, 0.85, 1.00	0.91, 0.90, 0.91, 0.93	0.82, 0.81, 0.79, 0.80	0.78, 0.75, 0.74, 0.68	0.50, 0.50, 0.50, 0.50
186	train	1.08, 1.09, 1.10, 1.41	0.95, 0.91, 0.88, 0.00	0.70, 0.93, 0.95, 1.00	0.97, 0.97, 0.96, 0.97	0.94, 0.94, 0.94, 0.94	0.95, 0.94, 0.94, 0.92	0.50, 0.50, 0.50, 0.50
186	valid	1.09, 1.15, 1.38, 1.45	0.91, 0.77, 0.26, 0.00	0.61, 0.76, 0.96, 1.00	0.93, 0.92, 0.92, 0.94	0.87, 0.83, 0.79, 0.81	0.64, 0.64, 0.63, 0.59	0.50, 0.50, 0.50, 0.50
187	train	1.07, 1.09, 1.09, 1.41	0.95, 0.90, 0.90, 0.00	0.69, 0.94, 0.95, 1.00	0.97, 0.97, 0.96, 0.97	0.94, 0.94, 0.94, 0.94	0.95, 0.95, 0.94, 0.93	0.50, 0.50, 0.50, 0.50
187	valid	1.13, 1.31, 1.19, 1.44	0.87, 0.42, 0.70, 0.00	0.63, 0.96, 0.76, 1.00	0.91, 0.89, 0.90, 0.92	0.71, 0.70, 0.70, 0.71	0.81, 0.75, 0.76, 0.70	0.50, 0.50, 0.50, 0.50
188	train	1.08, 1.10, 1.11, 1.41	0.93, 0.88, 0.86, 0.00	0.71, 0.91, 0.94, 1.00	0.96, 0.96, 0.96, 0.97	0.92, 0.92, 0.92, 0.91	0.94, 0.93, 0.93, 0.91	0.50, 0.50, 0.50, 0.50
188	valid	1.09, 1.18, 1.28, 1.45	0.89, 0.73, 0.51, 0.00	0.67, 0.83, 0.89, 1.00	0.93, 0.92, 0.92, 0.94	0.84, 0.82, 0.79, 0.81	0.76, 0.74, 0.72, 0.66	0.50, 0.50, 0.50, 0.50
189	train	1.08, 1.11, 1.10, 1.41	0.94, 0.88, 0.89, 0.00	0.70, 0.95, 0.93, 1.00	0.97, 0.97, 0.96, 0.97	0.94, 0.93, 0.93, 0.93	0.95, 0.94, 0.94, 0.92	0.50, 0.50, 0.50, 0.50
189	valid	1.13, 1.25, 1.18, 1.45	0.86, 0.57, 0.72, 0.00	0.72, 0.91, 0.76, 1.00	0.91, 0.90, 0.91, 0.92	0.78, 0.77, 0.75, 0.76	0.83, 0.78, 0.77, 0.70	0.50, 0.50, 0.50, 0.50
190	train	1.07, 1.09, 1.10, 1.41	0.95, 0.92, 0.89, 0.00	0.69, 0.94, 0.96, 1.00	0.97, 0.97, 0.96, 0.97	0.95, 0.94, 0.95, 0.94	0.95, 0.95, 0.94, 0.92	0.50, 0.50, 0.50, 0.50
190	valid	1.11, 1.20, 1.28, 1.43	0.89, 0.68, 0.49, 0.00	0.61, 0.86, 0.89, 1.00	0.92, 0.91, 0.91, 0.93	0.82, 0.80, 0.78, 0.80	0.74, 0.72, 0.71, 0.66	0.50, 0.50, 0.50, 0.50
191	train	1.07, 1.09, 1.10, 1.41	0.95, 0.92, 0.89, 0.00	0.70, 0.93, 0.95, 1.00	0.97, 0.97, 0.96, 0.97	0.95, 0.95, 0.95, 0.94	0.95, 0.95, 0.94, 0.92	0.50, 0.50, 0.50, 0.50
191	valid	1.13, 1.12, 1.35, 1.44	0.85, 0.83, 0.33, 0.00	0.69, 0.72, 0.94, 1.00	0.91, 0.90, 0.90, 0.92	0.88, 0.84, 0.80, 0.83	0.67, 0.67, 0.65, 0.62	0.50, 0.50, 0.50, 0.50
192	train	1.08, 1.10, 1.11, 1.41	0.94, 0.90, 0.88, 0.00	0.70, 0.93, 0.95, 1.00	0.97, 0.96, 0.96, 0.97	0.94, 0.93, 0.93, 0.93	0.94, 0.94, 0.93, 0.92	0.50, 0.50, 0.50, 0.50
192	valid	1.15, 1.15, 1.26, 1.44	0.81, 0.78, 0.54, 0.00	0.72, 0.80, 0.87, 1.00	0.90, 0.89, 0.89, 0.91	0.84, 0.83, 0.81, 0.83	0.76, 0.74, 0.73, 0.67	0.50, 0.50, 0.50, 0.50
193	train	1.08, 1.10, 1.10, 1.41	0.94, 0.90, 0.89, 0.00	0.70, 0.93, 0.95, 1.00	0.97, 0.96, 0.96, 0.97	0.94, 0.94, 0.94, 0.93	0.95, 0.94, 0.94, 0.92	0.50, 0.50, 0.50, 0.50
193	valid	1.14, 1.07, 1.47, 1.48	0.78, 0.93, 0.10, 0.00	0.79, 0.51, 0.99, 1.00	0.91, 0.91, 0.90, 0.91	0.91, 0.86, 0.81, 0.84	0.56, 0.56, 0.56, 0.54	0.50, 0.50, 0.50, 0.50
194	train	1.07, 1.10, 1.09, 1.41	0.96, 0.90, 0.90, 0.00	0.69, 0.95, 0.95, 1.00	0.97, 0.97, 0.96, 0.97	0.94, 0.94, 0.94, 0.94	0.95, 0.95, 0.94, 0.93	0.50, 0.50, 0.50, 0.50
194	valid	1.13, 1.10, 1.36, 1.45	0.83, 0.88, 0.32, 0.00	0.76, 0.66, 0.95, 1.00	0.90, 0.90, 0.90, 0.92	0.90, 0.85, 0.81, 0.84	0.67, 0.67, 0.65, 0.62	0.50, 0.50, 0.50, 0.50
195	train	1.07, 1.08, 1.10, 1.41	0.95, 0.92, 0.89, 0.00	0.69, 0.94, 0.96, 1.00	0.97, 0.97, 0.96, 0.97	0.95, 0.95, 0.95, 0.95	0.95, 0.95, 0.94, 0.92	0.50, 0.50, 0.50, 0.50
195	valid	1.27, 1.06, 1.42, 1.48	0.48, 0.96, 0.22, 0.00	0.85, 0.41, 0.97, 1.00	0.82, 0.82, 0.81, 0.82	0.85, 0.85, 0.83, 0.87	0.62, 0.62, 0.61, 0.58	0.50, 0.50, 0.50, 0.50
196	train	1.07, 1.09, 1.09, 1.40	0.97, 0.92, 0.92, 0.00	0.69, 0.96, 0.95, 1.00	0.97, 0.97, 0.97, 0.98	0.96, 0.95, 0.96, 0.95	0.96, 0.96, 0.95, 0.93	0.50, 0.50, 0.50, 0.50
196	valid	1.12, 1.16, 1.28, 1.44	0.86, 0.77, 0.49, 0.00	0.68, 0.81, 0.90, 1.00	0.91, 0.90, 0.91, 0.92	0.86, 0.83, 0.80, 0.83	0.74, 0.73, 0.71, 0.67	0.50, 0.50, 0.50, 0.50
197	train	1.07, 1.10, 1.10, 1.41	0.95, 0.89, 0.88, 0.00	0.70, 0.94, 0.94, 1.00	0.97, 0.97, 0.96, 0.97	0.94, 0.94, 0.94, 0.93	0.95, 0.94, 0.94, 0.92	0.50, 0.50, 0.50, 0.50
197	valid	1.08, 1.17, 1.34, 1.44	0.92, 0.74, 0.36, 0.00	0.60, 0.82, 0.94, 1.00	0.93, 0.92, 0.92, 0.94	0.86, 0.82, 0.79, 0.81	0.69, 0.68, 0.67, 0.62	0.50, 0.50, 0.50, 0.50
198	train	1.07, 1.09, 1.09, 1.41	0.96, 0.91, 0.90, 0.00	0.70, 0.94, 0.95, 1.00	0.97, 0.97, 0.96, 0.97	0.95, 0.94, 0.94, 0.94	0.95, 0.95, 0.94, 0.93	0.50, 0.50, 0.50, 0.50
198	valid	1.15, 1.13, 1.29, 1.44	0.81, 0.82, 0.47, 0.00	0.73, 0.76, 0.89, 1.00	0.89, 0.89, 0.89, 0.90	0.86, 0.84, 0.81, 0.84	0.73, 0.72, 0.70, 0.65	0.50, 0.50, 0.50, 0.50
199	train	1.08, 1.09, 1.09, 1.40	0.95, 0.91, 0.91, 0.00	0.69, 0.95, 0.95, 1.00	0.97, 0.97, 0.96, 0.97	0.95, 0.95, 0.95, 0.95	0.96, 0.95, 0.95, 0.93	0.50, 0.50, 0.50, 0.50
199	valid	1.18, 1.29, 1.16, 1.44	0.78, 0.48, 0.77, 0.00	0.71, 0.93, 0.71, 1.00	0.87, 0.86, 0.86, 0.88	0.72, 0.72, 0.72, 0.73	0.83, 0.76, 0.78, 0.72	0.50, 0.50, 0.50, 0.50
200	train	1.07, 1.10, 1.10, 1.41	0.95, 0.89, 0.88, 0.00	0.70, 0.93, 0.95, 1.00	0.97, 0.97, 0.96, 0.97	0.94, 0.93, 0.93, 0.93	0.95, 0.94, 0.94, 0.92	0.50, 0.50, 0.50, 0.50
200	valid	1.12, 1.18, 1.25, 1.44	0.86, 0.71, 0.57, 0.00	0.69, 0.85, 0.85, 1.00	0.91, 0.90, 0.91, 0.93	0.83, 0.81, 0.79, 0.81	0.77, 0.75, 0.74, 0.68	0.50, 0.50, 0.50, 0.50
201	train	1.07, 1.09, 1.09, 1.41	0.95, 0.91, 0.90, 0.00	0.69, 0.94, 0.95, 1.00	0.97, 0.97, 0.97, 0.97	0.95, 0.94, 0.94, 0.94	0.95, 0.95, 0.94, 0.93	0.50, 0.50, 0.50, 0.50
201	valid	1.14, 1.33, 1.18, 1.44	0.85, 0.36, 0.71, 0.00	0.62, 0.96, 0.74, 1.00	0.90, 0.88, 0.90, 0.91	0.68, 0.68, 0.67, 0.68	0.81, 0.75, 0.76, 0.71	0.50, 0.50, 0.50, 0.50
202	train	1.07, 1.09, 1.10, 1.41	0.96, 0.92, 0.90, 0.00	0.69, 0.94, 0.96, 1.00	0.97, 0.97, 0.97, 0.98	0.95, 0.95, 0.95, 0.95	0.95, 0.95, 0.95, 0.93	0.50, 0.50, 0.50, 0.50
202	valid	1.14, 1.26, 1.18, 1.44	0.85, 0.54, 0.72, 0.00	0.70, 0.92, 0.76, 1.00	0.90, 0.89, 0.90, 0.91	0.76, 0.76, 0.75, 0.76	0.82, 0.77, 0.77, 0.70	0.50, 0.50, 0.50, 0.50
203	train	1.07, 1.10, 1.10, 1.41	0.95, 0.89, 0.89, 0.00	0.70, 0.93, 0.94, 1.00	0.97, 0.97, 0.97, 0.98	0.94, 0.93, 0.93, 0.93	0.95, 0.94, 0.94, 0.92	0.50, 0.50, 0.50, 0.50
203	valid	1.11, 1.24, 1.22, 1.44	0.88, 0.60, 0.64, 0.00	0.66, 0.91, 0.82, 1.00	0.92, 0.91, 0.92, 0.93	0.80, 0.78, 0.77, 0.78	0.80, 0.76, 0.75, 0.69	0.50, 0.50, 0.50, 0.50
204	train	1.07, 1.10, 1.10, 1.41	0.95, 0.90, 0.89, 0.00	0.69, 0.94, 0.95, 1.00	0.97, 0.97, 0.96, 0.97	0.94, 0.94, 0.94, 0.93	0.95, 0.95, 0.94, 0.93	0.50, 0.50, 0.50, 0.50
204	valid	1.11, 1.18, 1.27, 1.44	0.88, 0.73, 0.51, 0.00	0.65, 0.85, 0.89, 1.00	0.92, 0.91, 0.91, 0.93	0.84, 0.82, 0.80, 0.82	0.75, 0.73, 0.72, 0.66	0.50, 0.50, 0.50, 0.50
205	train	1.07, 1.10, 1.09, 1.41	0.96, 0.90, 0.90, 0.00	0.69, 0.94, 0.95, 1.00	0.97, 0.97, 0.96, 0.97	0.94, 0.94, 0.94, 0.94	0.95, 0.95, 0.94, 0.93	0.50, 0.50, 0.50, 0.50
205	valid	1.08, 1.31, 1.21, 1.45	0.92, 0.43, 0.66, 0.00	0.61, 0.95, 0.80, 1.00	0.93, 0.92, 0.93, 0.95	0.72, 0.71, 0.70, 0.71	0.82, 0.76, 0.76, 0.69	0.50, 0.50, 0.50, 0.50
206	train	1.07, 1.08, 1.10, 1.40	0.96, 0.92, 0.90, 0.00	0.70, 0.94, 0.96, 1.00	0.97, 0.97, 0.97, 0.98	0.96, 0.95, 0.95, 0.95	0.95, 0.95, 0.95, 0.93	0.50, 0.50, 0.50, 0.50
206	valid	1.09, 1.17, 1.30, 1.45	0.90, 0.74, 0.44, 0.00	0.67, 0.80, 0.91, 1.00	0.93, 0.91, 0.92, 0.94	0.86, 0.82, 0.78, 0.80	0.73, 0.71, 0.70, 0.65	0.50, 0.50, 0.50, 0.50
207	train	1.08, 1.10, 1.10, 1.41	0.94, 0.89, 0.88, 0.00	0.70, 0.92, 0.95, 1.00	0.97, 0.97, 0.96, 0.97	0.93, 0.93, 0.93, 0.92	0.95, 0.94, 0.94, 0.92	0.50, 0.50, 0.50, 0.50
207	valid	1.18, 1.12, 1.30, 1.45	0.75, 0.85, 0.45, 0.00	0.74, 0.72, 0.91, 1.00	0.88, 0.87, 0.87, 0.89	0.86, 0.85, 0.82, 0.85	0.72, 0.72, 0.70, 0.66	0.50, 0.50, 0.50, 0.50
208	train	1.07, 1.10, 1.10, 1.41	0.96, 0.89, 0.89, 0.00	0.69, 0.94, 0.95, 1.00	0.97, 0.97, 0.97, 0.98	0.94, 0.94, 0.94, 0.93	0.95, 0.94, 0.94, 0.93	0.50, 0.50, 0.50, 0.50
208	valid	1.10, 1.30, 1.20, 1.44	0.90, 0.44, 0.67, 0.00	0.61, 0.95, 0.79, 1.00	0.92, 0.91, 0.92, 0.94	0.72, 0.71, 0.71, 0.71	0.81, 0.75, 0.76, 0.69	0.50, 0.50, 0.50, 0.50
209	train	1.08, 1.09, 1.10, 1.40	0.95, 0.91, 0.89, 0.00	0.69, 0.94, 0.96, 1.00	0.97, 0.97, 0.96, 0.97	0.94, 0.94, 0.95, 0.94	0.95, 0.95, 0.94, 0.93	0.50, 0.50, 0.50, 0.50
209	valid	1.11, 1.24, 1.24, 1.44	0.89, 0.59, 0.60, 0.00	0.64, 0.89, 0.84, 1.00	0.92, 0.90, 0.92, 0.93	0.79, 0.77, 0.75, 0.76	0.78, 0.74, 0.74, 0.69	0.50, 0.50, 0.50, 0.50
210	train	1.07, 1.09, 1.09, 1.41	0.95, 0.91, 0.90, 0.00	0.69, 0.94, 0.95, 1.00	0.97, 0.97, 0.97, 0.97	0.95, 0.95, 0.95, 0.94	0.96, 0.95, 0.95, 0.93	0.50, 0.50, 0.50, 0.50
210	valid	1.12, 1.30, 1.22, 1.43	0.88, 0.45, 0.62, 0.00	0.59, 0.94, 0.80, 1.00	0.91, 0.90, 0.91, 0.93	0.73, 0.72, 0.71, 0.72	0.78, 0.72, 0.73, 0.68	0.50, 0.50, 0.50, 0.50
211	train	1.07, 1.09, 1.09, 1.40	0.96, 0.90, 0.91, 0.00	0.69, 0.95, 0.96, 1.00	0.97, 0.97, 0.97, 0.98	0.95, 0.94, 0.94, 0.94	0.96, 0.95, 0.95, 0.93	0.50, 0.50, 0.50, 0.50
211	valid	1.10, 1.18, 1.30, 1.44	0.90, 0.73, 0.47, 0.00	0.65, 0.83, 0.90, 1.00	0.92, 0.91, 0.92, 0.94	0.85, 0.82, 0.79, 0.81	0.74, 0.72, 0.71, 0.65	0.50, 0.50, 0.50, 0.50
212	train	1.08, 1.10, 1.11, 1.41	0.95, 0.89, 0.87, 0.00	0.70, 0.92, 0.94, 1.00	0.97, 0.97, 0.96, 0.97	0.94, 0.93, 0.93, 0.92	0.94, 0.93, 0.93, 0.92	0.50, 0.50, 0.50, 0.50
212	valid	1.20, 1.11, 1.30, 1.45	0.72, 0.86, 0.45, 0.00	0.76, 0.70, 0.90, 1.00	0.86, 0.85, 0.86, 0.87	0.86, 0.84, 0.82, 0.85	0.71, 0.72, 0.70, 0.65	0.50, 0.50, 0.50, 0.50
213	train	1.07, 1.10, 1.10, 1.41	0.96, 0.90, 0.90, 0.00	0.69, 0.95, 0.95, 1.00	0.97, 0.97, 0.97, 0.98	0.94, 0.94, 0.94, 0.94	0.95, 0.95, 0.95, 0.93	0.50, 0.50, 0.50, 0.50
213	valid	1.12, 1.17, 1.32, 1.43	0.88, 0.74, 0.38, 0.00	0.59, 0.82, 0.93, 1.00	0.91, 0.90, 0.90, 0.92	0.84, 0.81, 0.79, 0.81	0.68, 0.67, 0.66, 0.64	0.50, 0.50, 0.50, 0.50
214	train	1.07, 1.10, 1.10, 1.41	0.95, 0.89, 0.89, 0.00	0.69, 0.94, 0.95, 1.00	0.97, 0.97, 0.96, 0.97	0.94, 0.93, 0.93, 0.93	0.95, 0.94, 0.94, 0.93	0.50, 0.50, 0.50, 0.50
214	valid	1.11, 1.29, 1.23, 1.43	0.89, 0.46, 0.60, 0.00	0.56, 0.94, 0.82, 1.00	0.91, 0.90, 0.91, 0.93	0.73, 0.72, 0.71, 0.73	0.78, 0.72, 0.73, 0.68	0.50, 0.50, 0.50, 0.50
215	train	1.07, 1.09, 1.09, 1.40	0.96, 0.92, 0.90, 0.00	0.70, 0.95, 0.95, 1.00	0.97, 0.97, 0.97, 0.98	0.96, 0.95, 0.95, 0.95	0.95, 0.95, 0.94, 0.93	0.50, 0.50, 0.50, 0.50
215	valid	1.13, 1.15, 1.29, 1.45	0.86, 0.79, 0.49, 0.00	0.73, 0.78, 0.89, 1.00	0.91, 0.90, 0.90, 0.92	0.87, 0.83, 0.80, 0.82	0.74, 0.73, 0.71, 0.65	0.50, 0.50, 0.50, 0.50
216	train	1.07, 1.09, 1.10, 1.40	0.95, 0.89, 0.90, 0.00	0.69, 0.94, 0.95, 1.00	0.97, 0.97, 0.97, 0.98	0.94, 0.94, 0.94, 0.93	0.95, 0.95, 0.94, 0.93	0.50, 0.50, 0.50, 0.50
216	valid	1.12, 1.37, 1.17, 1.44	0.85, 0.29, 0.74, 0.00	0.63, 0.98, 0.71, 1.00	0.91, 0.89, 0.91, 0.93	0.65, 0.65, 0.65, 0.65	0.81, 0.74, 0.76, 0.72	0.50, 0.50, 0.50, 0.50
217	train	1.07, 1.09, 1.10, 1.40	0.96, 0.92, 0.88, 0.00	0.69, 0.93, 0.96, 1.00	0.97, 0.97, 0.97, 0.98	0.95, 0.95, 0.94, 0.94	0.95, 0.95, 0.94, 0.93	0.50, 0.50, 0.50, 0.50
217	valid	1.08, 1.27, 1.26, 1.44	0.93, 0.53, 0.54, 0.00	0.56, 0.92, 0.87, 1.00	0.93, 0.92, 0.93, 0.95	0.77, 0.76, 0.74, 0.75	0.77, 0.73, 0.73, 0.66	0.50, 0.50, 0.50, 0.50
218	train	1.08, 1.10, 1.09, 1.41	0.94, 0.88, 0.90, 0.00	0.69, 0.94, 0.95, 1.00	0.97, 0.97, 0.96, 0.97	0.93, 0.93, 0.93, 0.93	0.95, 0.95, 0.94, 0.93	0.50, 0.50, 0.50, 0.50
218	valid	1.11, 1.15, 1.31, 1.44	0.87, 0.78, 0.44, 0.00	0.68, 0.79, 0.91, 1.00	0.91, 0.90, 0.91, 0.93	0.86, 0.83, 0.80, 0.83	0.72, 0.71, 0.69, 0.64	0.50, 0.50, 0.50, 0.50
219	train	1.07, 1.09, 1.09, 1.40	0.96, 0.91, 0.91, 0.00	0.69, 0.95, 0.95, 1.00	0.97, 0.97, 0.97, 0.98	0.95, 0.94, 0.95, 0.94	0.96, 0.95, 0.95, 0.94	0.50, 0.50, 0.50, 0.50
219	valid	1.10, 1.22, 1.29, 1.43	0.90, 0.62, 0.48, 0.00	0.57, 0.88, 0.90, 1.00	0.92, 0.91, 0.92, 0.94	0.80, 0.78, 0.76, 0.78	0.74, 0.71, 0.70, 0.66	0.50, 0.50, 0.50, 0.50
220	train	1.07, 1.08, 1.09, 1.40	0.95, 0.93, 0.90, 0.00	0.69, 0.94, 0.96, 1.00	0.97, 0.97, 0.97, 0.98	0.96, 0.95, 0.95, 0.95	0.95, 0.95, 0.95, 0.93	0.50, 0.50, 0.50, 0.50
220	valid	1.20, 1.46, 1.10, 1.46	0.70, 0.09, 0.90, 0.00	0.76, 1.00, 0.49, 1.00	0.86, 0.85, 0.86, 0.87	0.55, 0.55, 0.55, 0.55	0.85, 0.73, 0.78, 0.75	0.50, 0.50, 0.50, 0.50
221	train	1.07, 1.08, 1.09, 1.40	0.96, 0.92, 0.91, 0.00	0.69, 0.96, 0.96, 1.00	0.97, 0.97, 0.97, 0.97	0.96, 0.96, 0.96, 0.95	0.96, 0.96, 0.95, 0.94	0.50, 0.50, 0.50, 0.50
221	valid	1.18, 1.34, 1.14, 1.44	0.76, 0.37, 0.80, 0.00	0.69, 0.97, 0.66, 1.00	0.87, 0.85, 0.87, 0.88	0.68, 0.68, 0.68, 0.69	0.82, 0.77, 0.77, 0.72	0.50, 0.50, 0.50, 0.50
222	train	1.07, 1.09, 1.10, 1.40	0.95, 0.92, 0.90, 0.00	0.69, 0.94, 0.96, 1.00	0.97, 0.97, 0.97, 0.97	0.95, 0.95, 0.95, 0.95	0.95, 0.95, 0.95, 0.93	0.50, 0.50, 0.50, 0.50
222	valid	1.10, 1.17, 1.32, 1.43	0.89, 0.74, 0.41, 0.00	0.61, 0.82, 0.93, 1.00	0.92, 0.91, 0.92, 0.94	0.84, 0.82, 0.79, 0.82	0.71, 0.69, 0.68, 0.64	0.50, 0.50, 0.50, 0.50
223	train	1.07, 1.09, 1.08, 1.40	0.97, 0.90, 0.93, 0.00	0.68, 0.96, 0.95, 1.00	0.97, 0.97, 0.97, 0.98	0.95, 0.95, 0.95, 0.94	0.97, 0.96, 0.96, 0.94	0.50, 0.50, 0.50, 0.50
223	valid	1.09, 1.24, 1.24, 1.44	0.90, 0.60, 0.58, 0.00	0.63, 0.90, 0.85, 1.00	0.93, 0.91, 0.93, 0.94	0.80, 0.78, 0.76, 0.78	0.78, 0.74, 0.74, 0.68	0.50, 0.50, 0.50, 0.50
224	train	1.08, 1.10, 1.11, 1.41	0.94, 0.90, 0.87, 0.00	0.70, 0.92, 0.95, 1.00	0.97, 0.97, 0.96, 0.97	0.94, 0.94, 0.93, 0.93	0.94, 0.94, 0.93, 0.92	0.50, 0.50, 0.50, 0.50
224	valid	1.11, 1.32, 1.20, 1.43	0.89, 0.40, 0.67, 0.00	0.59, 0.96, 0.79, 1.00	0.92, 0.90, 0.92, 0.93	0.70, 0.70, 0.69, 0.70	0.80, 0.74, 0.75, 0.70	0.50, 0.50, 0.50, 0.50
225	train	1.07, 1.10, 1.09, 1.40	0.96, 0.90, 0.90, 0.00	0.69, 0.95, 0.95, 1.00	0.97, 0.97, 0.97, 0.98	0.94, 0.94, 0.94, 0.94	0.96, 0.95, 0.95, 0.94	0.50, 0.50, 0.50, 0.50
225	valid	1.11, 1.19, 1.27, 1.44	0.88, 0.70, 0.52, 0.00	0.67, 0.84, 0.88, 1.00	0.92, 0.91, 0.91, 0.93	0.84, 0.81, 0.78, 0.81	0.76, 0.73, 0.72, 0.67	0.50, 0.50, 0.50, 0.50
226	train	1.07, 1.09, 1.09, 1.40	0.95, 0.91, 0.90, 0.00	0.68, 0.95, 0.96, 1.00	0.97, 0.97, 0.97, 0.97	0.95, 0.95, 0.95, 0.95	0.95, 0.95, 0.95, 0.93	0.50, 0.50, 0.50, 0.50
226	valid	1.12, 1.44, 1.14, 1.45	0.85, 0.11, 0.80, 0.00	0.63, 1.00, 0.64, 1.00	0.91, 0.89, 0.91, 0.92	0.56, 0.56, 0.56, 0.56	0.84, 0.73, 0.77, 0.73	0.50, 0.50, 0.50, 0.50
227	train	1.08, 1.09, 1.10, 1.40	0.94, 0.92, 0.89, 0.00	0.69, 0.93, 0.96, 1.00	0.97, 0.97, 0.96, 0.97	0.95, 0.95, 0.95, 0.95	0.95, 0.95, 0.95, 0.93	0.50, 0.50, 0.50, 0.50
227	valid	1.13, 1.18, 1.26, 1.43	0.84, 0.72, 0.53, 0.00	0.67, 0.83, 0.88, 1.00	0.90, 0.89, 0.90, 0.91	0.83, 0.82, 0.79, 0.82	0.75, 0.73, 0.72, 0.68	0.50, 0.50, 0.50, 0.50
228	train	1.08, 1.09, 1.10, 1.41	0.94, 0.91, 0.89, 0.00	0.70, 0.93, 0.95, 1.00	0.97, 0.97, 0.96, 0.97	0.94, 0.94, 0.94, 0.94	0.95, 0.95, 0.94, 0.93	0.50, 0.50, 0.50, 0.50
228	valid	1.13, 1.23, 1.23, 1.43	0.87, 0.61, 0.59, 0.00	0.63, 0.90, 0.84, 1.00	0.90, 0.89, 0.90, 0.92	0.79, 0.78, 0.76, 0.78	0.78, 0.74, 0.74, 0.68	0.50, 0.50, 0.50, 0.50
229	train	1.07, 1.10, 1.10, 1.41	0.95, 0.89, 0.88, 0.00	0.69, 0.93, 0.95, 1.00	0.97, 0.97, 0.97, 0.98	0.94, 0.94, 0.93, 0.93	0.95, 0.94, 0.94, 0.93	0.50, 0.50, 0.50, 0.50
229	valid	1.13, 1.12, 1.35, 1.45	0.84, 0.85, 0.35, 0.00	0.72, 0.70, 0.94, 1.00	0.91, 0.90, 0.90, 0.92	0.88, 0.84, 0.80, 0.83	0.68, 0.68, 0.67, 0.63	0.50, 0.50, 0.50, 0.50
230	train	1.07, 1.10, 1.09, 1.40	0.95, 0.91, 0.90, 0.00	0.70, 0.94, 0.95, 1.00	0.97, 0.97, 0.96, 0.97	0.95, 0.94, 0.95, 0.94	0.96, 0.95, 0.95, 0.93	0.50, 0.50, 0.50, 0.50
230	valid	1.16, 1.35, 1.16, 1.44	0.80, 0.32, 0.77, 0.00	0.65, 0.97, 0.68, 1.00	0.89, 0.87, 0.89, 0.90	0.66, 0.66, 0.66, 0.66	0.80, 0.75, 0.76, 0.72	0.50, 0.50, 0.50, 0.50
231	train	1.06, 1.09, 1.09, 1.40	0.96, 0.92, 0.90, 0.00	0.69, 0.94, 0.96, 1.00	0.97, 0.97, 0.97, 0.98	0.95, 0.95, 0.95, 0.95	0.96, 0.95, 0.95, 0.93	0.50, 0.50, 0.50, 0.50
231	valid	1.11, 1.25, 1.22, 1.43	0.88, 0.56, 0.63, 0.00	0.64, 0.91, 0.82, 1.00	0.92, 0.90, 0.91, 0.93	0.78, 0.76, 0.75, 0.76	0.79, 0.75, 0.75, 0.69	0.50, 0.50, 0.50, 0.50
232	train	1.07, 1.09, 1.09, 1.40	0.95, 0.91, 0.91, 0.00	0.69, 0.95, 0.95, 1.00	0.97, 0.97, 0.97, 0.97	0.95, 0.95, 0.95, 0.95	0.95, 0.95, 0.95, 0.94	0.50, 0.50, 0.50, 0.50
232	valid	1.09, 1.25, 1.26, 1.43	0.92, 0.57, 0.54, 0.00	0.57, 0.91, 0.87, 1.00	0.93, 0.92, 0.93, 0.95	0.78, 0.76, 0.75, 0.76	0.76, 0.73, 0.73, 0.68	0.50, 0.50, 0.50, 0.50
233	train	1.07, 1.09, 1.09, 1.40	0.95, 0.92, 0.90, 0.00	0.69, 0.94, 0.95, 1.00	0.97, 0.97, 0.97, 0.98	0.95, 0.95, 0.95, 0.95	0.95, 0.95, 0.95, 0.93	0.50, 0.50, 0.50, 0.50
233	valid	1.12, 1.22, 1.23, 1.43	0.86, 0.64, 0.60, 0.00	0.66, 0.88, 0.84, 1.00	0.91, 0.90, 0.91, 0.92	0.81, 0.79, 0.77, 0.80	0.78, 0.75, 0.74, 0.69	0.50, 0.50, 0.50, 0.50
234	train	1.07, 1.08, 1.09, 1.40	0.96, 0.93, 0.91, 0.00	0.69, 0.96, 0.97, 1.00	0.97, 0.97, 0.97, 0.98	0.96, 0.96, 0.96, 0.96	0.96, 0.96, 0.95, 0.94	0.50, 0.50, 0.50, 0.50
234	valid	1.14, 1.23, 1.20, 1.44	0.83, 0.62, 0.68, 0.00	0.70, 0.90, 0.79, 1.00	0.90, 0.89, 0.90, 0.92	0.80, 0.78, 0.77, 0.78	0.80, 0.76, 0.76, 0.71	0.50, 0.50, 0.50, 0.50
235	train	1.07, 1.09, 1.09, 1.40	0.96, 0.91, 0.90, 0.00	0.69, 0.94, 0.96, 1.00	0.97, 0.97, 0.97, 0.98	0.95, 0.95, 0.95, 0.94	0.96, 0.95, 0.95, 0.94	0.50, 0.50, 0.50, 0.50
235	valid	1.13, 1.17, 1.27, 1.44	0.84, 0.74, 0.51, 0.00	0.69, 0.81, 0.88, 1.00	0.91, 0.90, 0.91, 0.93	0.84, 0.82, 0.79, 0.81	0.75, 0.73, 0.72, 0.67	0.50, 0.50, 0.50, 0.50
236	train	1.07, 1.08, 1.09, 1.40	0.96, 0.94, 0.91, 0.00	0.69, 0.95, 0.96, 1.00	0.97, 0.97, 0.97, 0.98	0.96, 0.96, 0.96, 0.96	0.96, 0.96, 0.95, 0.94	0.50, 0.50, 0.50, 0.50
236	valid	1.11, 1.11, 1.40, 1.45	0.86, 0.86, 0.25, 0.00	0.70, 0.68, 0.97, 1.00	0.92, 0.91, 0.91, 0.93	0.89, 0.85, 0.80, 0.84	0.64, 0.63, 0.62, 0.59	0.50, 0.50, 0.50, 0.50
237	train	1.07, 1.08, 1.09, 1.40	0.96, 0.93, 0.91, 0.00	0.68, 0.95, 0.97, 1.00	0.97, 0.97, 0.97, 0.98	0.96, 0.96, 0.96, 0.96	0.96, 0.96, 0.95, 0.94	0.50, 0.50, 0.50, 0.50
237	valid	1.12, 1.19, 1.27, 1.43	0.87, 0.69, 0.52, 0.00	0.62, 0.86, 0.88, 1.00	0.91, 0.90, 0.90, 0.92	0.81, 0.80, 0.78, 0.81	0.75, 0.73, 0.72, 0.67	0.50, 0.50, 0.50, 0.50
238	train	1.07, 1.09, 1.09, 1.40	0.96, 0.91, 0.90, 0.00	0.70, 0.94, 0.95, 1.00	0.97, 0.97, 0.97, 0.98	0.95, 0.95, 0.95, 0.94	0.96, 0.95, 0.95, 0.94	0.50, 0.50, 0.50, 0.50
238	valid	1.10, 1.21, 1.28, 1.43	0.90, 0.66, 0.52, 0.00	0.62, 0.87, 0.89, 1.00	0.92, 0.91, 0.92, 0.94	0.82, 0.79, 0.77, 0.79	0.76, 0.73, 0.72, 0.67	0.50, 0.50, 0.50, 0.50
239	train	1.07, 1.08, 1.10, 1.40	0.96, 0.92, 0.89, 0.00	0.69, 0.94, 0.96, 1.00	0.97, 0.97, 0.97, 0.98	0.96, 0.95, 0.95, 0.95	0.95, 0.95, 0.94, 0.93	0.50, 0.50, 0.50, 0.50
239	valid	1.13, 1.24, 1.21, 1.44	0.86, 0.60, 0.64, 0.00	0.68, 0.89, 0.81, 1.00	0.90, 0.89, 0.90, 0.91	0.79, 0.78, 0.76, 0.78	0.80, 0.75, 0.75, 0.69	0.50, 0.50, 0.50, 0.50
240	train	1.07, 1.10, 1.10, 1.41	0.95, 0.89, 0.89, 0.00	0.69, 0.94, 0.95, 1.00	0.97, 0.97, 0.97, 0.98	0.94, 0.93, 0.94, 0.93	0.95, 0.94, 0.94, 0.93	0.50, 0.50, 0.50, 0.50
240	valid	1.12, 1.43, 1.13, 1.46	0.85, 0.16, 0.84, 0.00	0.70, 0.99, 0.61, 1.00	0.91, 0.89, 0.91, 0.93	0.60, 0.60, 0.60, 0.60	0.87, 0.75, 0.79, 0.73	0.50, 0.50, 0.50, 0.50
